Constituency,Voted,Turnout,Con,Lab,SNP,DUP,LD,Others,Ukip,Green,Ind,PC,SDLP,SF,UUP,alliance
Aberavon,33268.0,66.7,17.7,68.1,0.0,0.0,0.0,1.9,4.0,0.0,0.0,8.3,0.0,0.0,0.0,0.0
Aberconwy,32150.0,71.0,44.6,42.6,0.0,0.0,0.0,2.9,0.0,0.0,0.0,9.9,0.0,0.0,0.0,0.0
Aberdeen North,36757.0,59.2,22.7,30.0,41.3,0.0,0.0,6.0,0.0,0.0,0.0,0.0,0.0,0.0,0.0,0.0
Aberdeen South,44483.0,68.5,42.1,20.6,31.5,0.0,0.0,5.8,0.0,0.0,0.0,0.0,0.0,0.0,0.0,0.0
Aberdeenshire West & Kincardine,51625.0,71.2,47.9,11.1,32.5,0.0,8.6,0.0,0.0,0.0,0.0,0.0,0.0,0.0,0.0,0.0
Airdrie & Shotts,38002.0,59.2,23.2,37.1,37.6,0.0,0.0,2.1,0.0,0.0,0.0,0.0,0.0,0.0,0.0,0.0
Aldershot,48955.0,64.2,55.1,31.6,0.0,0.0,7.4,2.2,3.7,0.0,0.0,0.0,0.0,0.0,0.0,0.0
Aldridge-Brownhills,40235.0,66.7,65.4,29.9,0.0,0.0,0.0,4.7,0.0,0.0,0.0,0.0,0.0,0.0,0.0,0.0
Altrincham & Sale West,52790.0,72.1,51.0,38.9,0.0,0.0,0.6,9.5,0.0,0.0,0.0,0.0,0.0,0.0,0.0,0.0
Alyn & Deeside,44760.0,71.0,40.4,52.1,0.0,0.0,0.0,5.0,2.5,0.0,0.0,0.0,0.0,0.0,0.0,0.0
Amber Valley,45811.0,67.3,56.5,38.4,0.0,0.0,0.0,5.1,0.0,0.0,0.0,0.0,0.0,0.0,0.0,0.0
Angus,40192.0,63.0,45.1,13.0,38.6,0.0,0.0,3.3,0.0,0.0,0.0,0.0,0.0,0.0,0.0,0.0
Antrim East,38143.0,60.6,0.0,0.0,0.0,57.3,0.0,5.9,0.0,0.0,0.0,0.0,0.0,9.3,11.9,15.6
Antrim North,48460.0,64.1,0.0,0.0,0.0,58.9,0.0,10.8,0.0,0.0,6.8,0.0,0.0,16.3,7.2,0.0
Antrim South,43170.0,63.3,0.0,0.0,0.0,38.2,0.0,0.0,0.0,0.0,0.0,0.0,5.5,18.1,30.8,7.4
Arfon,28208.0,68.2,16.4,40.5,0.0,0.0,0.0,2.3,0.0,0.0,0.0,40.8,0.0,0.0,0.0,0.0
Argyll & Bute,48069.0,71.5,33.2,12.6,36.0,0.0,18.2,0.0,0.0,0.0,0.0,0.0,0.0,0.0,0.0,0.0
Arundel & South Downs,60256.0,74.6,62.4,22.7,0.0,0.0,7.9,4.2,2.8,0.0,0.0,0.0,0.0,0.0,0.0,0.0
Ashfield,49993.0,64.0,41.7,42.6,0.0,0.0,1.9,0.8,3.8,0.0,9.2,0.0,0.0,0.0,0.0,0.0
Ashford,59879.0,68.5,59.0,29.8,0.0,0.0,0.0,7.5,3.7,0.0,0.0,0.0,0.0,0.0,0.0,0.0
Ashton Under Lyne,39773.0,58.8,32.0,60.4,0.0,0.0,0.0,2.9,4.7,0.0,0.0,0.0,0.0,0.0,0.0,0.0
Aylesbury,58743.0,71.2,55.0,30.0,0.0,0.0,9.6,3.2,2.2,0.0,0.0,0.0,0.0,0.0,0.0,0.0
"Ayr, Carrick & Cumnock",46222.0,64.9,40.1,23.9,34.1,0.0,0.0,1.9,0.0,0.0,0.0,0.0,0.0,0.0,0.0,0.0
Ayrshire Central,45087.0,65.3,34.4,26.1,37.2,0.0,0.0,2.3,0.0,0.0,0.0,0.0,0.0,0.0,0.0,0.0
Ayrshire North & Arran,47433.0,64.8,31.2,27.5,38.9,0.0,0.0,2.4,0.0,0.0,0.0,0.0,0.0,0.0,0.0,0.0
Banbury,61562.0,73.4,54.2,34.1,0.0,0.0,0.0,9.1,2.6,0.0,0.0,0.0,0.0,0.0,0.0,0.0
Banff & Buchan,41643.0,61.6,48.0,9.4,39.1,0.0,0.0,3.5,0.0,0.0,0.0,0.0,0.0,0.0,0.0,0.0
Barking,47679.0,61.9,22.5,67.8,0.0,0.0,0.0,3.3,6.4,0.0,0.0,0.0,0.0,0.0,0.0,0.0
Barnsley Central,39089.0,60.9,24.1,63.9,0.0,0.0,0.0,3.5,8.5,0.0,0.0,0.0,0.0,0.0,0.0,0.0
Barnsley East,40776.0,58.9,27.0,59.5,0.0,0.0,0.0,5.5,8.0,0.0,0.0,0.0,0.0,0.0,0.0,0.0
Barrow & Furness,47590.0,68.5,47.0,47.5,0.0,0.0,0.0,3.5,2.0,0.0,0.0,0.0,0.0,0.0,0.0,0.0
Basildon & Billericay,44918.0,65.0,61.0,31.1,0.0,0.0,0.0,3.4,4.5,0.0,0.0,0.0,0.0,0.0,0.0,0.0
Basildon South & Thurrock East,47120.0,64.1,56.9,32.5,0.0,0.0,0.0,3.8,6.8,0.0,0.0,0.0,0.0,0.0,0.0,0.0
Basingstoke,55960.0,68.3,52.7,35.8,0.0,0.0,6.1,2.4,3.0,0.0,0.0,0.0,0.0,0.0,0.0,0.0
Bassetlaw,52250.0,66.5,43.3,52.6,0.0,0.0,0.0,4.1,0.0,0.0,0.0,0.0,0.0,0.0,0.0,0.0
Bath,49582.0,74.3,35.8,14.7,0.0,0.0,47.3,0.0,0.0,2.3,0.0,0.0,0.0,0.0,0.0,0.0
Batley & Spen,53780.0,67.1,38.8,55.5,0.0,0.0,0.0,5.7,0.0,0.0,0.0,0.0,0.0,0.0,0.0,0.0
Battersea,55058.0,71.0,41.5,45.9,0.0,0.0,8.0,4.6,0.0,0.0,0.0,0.0,0.0,0.0,0.0,0.0
Beaconsfield,56028.0,72.3,65.3,21.4,0.0,0.0,7.9,2.5,2.9,0.0,0.0,0.0,0.0,0.0,0.0,0.0
Beckenham,51630.0,76.0,59.3,30.1,0.0,0.0,7.9,2.7,0.0,0.0,0.0,0.0,0.0,0.0,0.0,0.0
Bedford,48480.0,67.5,45.2,46.9,0.0,0.0,0.0,7.9,0.0,0.0,0.0,0.0,0.0,0.0,0.0,0.0
Bedfordshire Mid,63148.0,75.4,61.7,28.4,0.0,0.0,6.0,3.9,0.0,0.0,0.0,0.0,0.0,0.0,0.0,0.0
Bedfordshire North East,64220.0,73.8,61.0,28.5,0.0,0.0,0.0,7.5,3.0,0.0,0.0,0.0,0.0,0.0,0.0,0.0
Bedfordshire South West,55635.0,69.8,59.3,33.8,0.0,0.0,0.0,6.9,0.0,0.0,0.0,0.0,0.0,0.0,0.0,0.0
Belfast East,42890.0,67.5,0.0,0.0,0.0,55.8,0.0,8.2,0.0,0.0,0.0,0.0,0.0,0.0,0.0,36.0
Belfast North,45936.0,67.3,0.0,0.0,0.0,46.2,0.0,2.2,0.0,0.0,0.0,0.0,4.5,41.7,0.0,5.4
Belfast South,43705.0,66.1,0.0,0.0,0.0,30.4,0.0,5.7,0.0,0.0,0.0,0.0,25.9,16.3,3.5,18.2
Belfast West,40633.0,65.1,0.0,0.0,0.0,13.4,0.0,2.7,0.0,0.0,10.2,0.0,7.0,66.7,0.0,0.0
Bermondsey & Old Southwark,58521.0,67.1,12.9,53.3,0.0,0.0,31.1,2.7,0.0,0.0,0.0,0.0,0.0,0.0,0.0,0.0
Berwick-upon-Tweed,42212.0,71.8,52.5,24.6,0.0,0.0,21.1,1.8,0.0,0.0,0.0,0.0,0.0,0.0,0.0,0.0
"Berwickshire, Roxburgh & Selkirk",52367.0,71.5,53.9,8.6,32.8,0.0,4.7,0.0,0.0,0.0,0.0,0.0,0.0,0.0,0.0,0.0
Bethnal Green & Bow,59825.0,69.5,12.7,71.8,0.0,0.0,0.0,13.0,0.0,2.5,0.0,0.0,0.0,0.0,0.0,0.0
Beverley & Holderness,55678.0,69.0,58.4,33.1,0.0,0.0,0.0,8.5,0.0,0.0,0.0,0.0,0.0,0.0,0.0,0.0
Bexhill & Battle,59472.0,75.7,62.0,24.7,0.0,0.0,7.5,2.4,3.4,0.0,0.0,0.0,0.0,0.0,0.0,0.0
Bexleyheath & Crayford,45189.0,69.2,55.6,35.5,0.0,0.0,0.0,4.6,4.3,0.0,0.0,0.0,0.0,0.0,0.0,0.0
Birkenhead,43663.0,67.7,18.4,76.9,0.0,0.0,0.0,4.7,0.0,0.0,0.0,0.0,0.0,0.0,0.0,0.0
Birmingham Edgbaston,43612.0,64.0,39.5,55.3,0.0,0.0,0.0,5.2,0.0,0.0,0.0,0.0,0.0,0.0,0.0,0.0
Birmingham Erdington,37217.0,57.2,38.4,58.0,0.0,0.0,0.0,3.6,0.0,0.0,0.0,0.0,0.0,0.0,0.0,0.0
Birmingham Hall Green,54310.0,69.4,15.1,77.6,0.0,0.0,5.8,1.5,0.0,0.0,0.0,0.0,0.0,0.0,0.0,0.0
Birmingham Hodge Hill,46394.0,61.3,14.2,81.1,0.0,0.0,0.0,2.5,2.2,0.0,0.0,0.0,0.0,0.0,0.0,0.0
Birmingham Ladywood,41307.0,59.0,13.2,82.7,0.0,0.0,0.0,4.1,0.0,0.0,0.0,0.0,0.0,0.0,0.0,0.0
Birmingham Northfield,44348.0,61.3,42.7,53.2,0.0,0.0,0.0,4.1,0.0,0.0,0.0,0.0,0.0,0.0,0.0,0.0
Birmingham Perry Barr,44197.0,63.0,26.5,68.1,0.0,0.0,0.0,5.4,0.0,0.0,0.0,0.0,0.0,0.0,0.0,0.0
Birmingham Selly Oak,48985.0,65.9,31.9,63.0,0.0,0.0,0.0,5.1,0.0,0.0,0.0,0.0,0.0,0.0,0.0,0.0
Birmingham Yardley,44502.0,61.3,19.8,57.1,0.0,0.0,17.9,0.9,4.3,0.0,0.0,0.0,0.0,0.0,0.0,0.0
Bishop Auckland,43281.0,64.0,46.9,48.1,0.0,0.0,0.0,5.0,0.0,0.0,0.0,0.0,0.0,0.0,0.0,0.0
Blackburn,47512.0,67.2,26.9,69.8,0.0,0.0,0.0,3.3,0.0,0.0,0.0,0.0,0.0,0.0,0.0,0.0
Blackley & Broughton,40113.0,56.0,21.6,70.5,0.0,0.0,0.0,3.4,4.5,0.0,0.0,0.0,0.0,0.0,0.0,0.0
Blackpool North & Cleveleys,41007.0,64.1,49.4,44.5,0.0,0.0,0.0,2.7,3.4,0.0,0.0,0.0,0.0,0.0,0.0,0.0
Blackpool South,34953.0,59.8,43.1,50.3,0.0,0.0,0.0,2.8,3.8,0.0,0.0,0.0,0.0,0.0,0.0,0.0
Blaenau Gwent,32384.0,63.2,14.8,58.0,0.0,0.0,0.0,2.9,3.0,0.0,0.0,21.3,0.0,0.0,0.0,0.0
Blaydon,48084.0,70.2,28.1,56.1,0.0,0.0,9.1,1.6,5.1,0.0,0.0,0.0,0.0,0.0,0.0,0.0
Blyth Valley,42490.0,67.0,37.3,55.9,0.0,0.0,0.0,6.8,0.0,0.0,0.0,0.0,0.0,0.0,0.0,0.0
Bognor Regis & Littlehampton,51352.0,67.7,59.0,24.9,0.0,0.0,6.5,6.0,3.6,0.0,0.0,0.0,0.0,0.0,0.0,0.0
Bolsover,46519.0,63.4,40.5,51.9,0.0,0.0,0.0,3.0,4.6,0.0,0.0,0.0,0.0,0.0,0.0,0.0
Bolton North East,45183.0,67.2,42.2,50.6,0.0,0.0,0.0,3.7,3.5,0.0,0.0,0.0,0.0,0.0,0.0,0.0
Bolton South East,42323.0,61.4,29.6,60.7,0.0,0.0,0.0,3.1,6.6,0.0,0.0,0.0,0.0,0.0,0.0,0.0
Bolton West,51054.0,70.1,47.9,46.1,0.0,0.0,0.0,2.9,3.1,0.0,0.0,0.0,0.0,0.0,0.0,0.0
Bootle,50288.0,69.0,12.1,84.0,0.0,0.0,0.0,3.9,0.0,0.0,0.0,0.0,0.0,0.0,0.0,0.0
Boston & Skegness,42879.0,62.7,63.6,24.9,0.0,0.0,0.0,3.8,7.7,0.0,0.0,0.0,0.0,0.0,0.0,0.0
Bosworth,56168.0,69.7,56.7,24.1,0.0,0.0,17.4,1.8,0.0,0.0,0.0,0.0,0.0,0.0,0.0,0.0
Bournemouth East,48618.0,65.2,51.9,35.5,0.0,0.0,6.5,0.7,2.9,2.5,0.0,0.0,0.0,0.0,0.0,0.0
Bournemouth West,44507.0,60.8,53.5,36.2,0.0,0.0,6.6,0.9,0.0,2.8,0.0,0.0,0.0,0.0,0.0,0.0
Bracknell,55892.0,70.6,58.8,30.2,0.0,0.0,7.5,0.8,2.7,0.0,0.0,0.0,0.0,0.0,0.0,0.0
Bradford East,45622.0,64.8,20.4,65.4,0.0,0.0,1.9,1.5,3.0,0.0,7.8,0.0,0.0,0.0,0.0,0.0
Bradford South,41049.0,60.6,38.2,54.5,0.0,0.0,0.0,3.0,4.3,0.0,0.0,0.0,0.0,0.0,0.0,0.0
Bradford West,45528.0,67.4,16.6,64.7,0.0,0.0,0.0,2.9,1.9,0.0,0.0,0.0,0.0,0.0,0.0,0.0
Braintree,52326.0,69.5,62.8,27.6,0.0,0.0,0.0,6.1,3.5,0.0,0.0,0.0,0.0,0.0,0.0,0.0
Brecon & Radnorshire,41334.0,73.8,48.6,17.8,0.0,0.0,29.1,3.1,1.4,0.0,0.0,0.0,0.0,0.0,0.0,0.0
Brent Central,52296.0,64.7,19.5,73.1,0.0,0.0,4.8,2.6,0.0,0.0,0.0,0.0,0.0,0.0,0.0,0.0
Brent North,56444.0,68.4,32.7,62.9,0.0,0.0,0.0,4.4,0.0,0.0,0.0,0.0,0.0,0.0,0.0,0.0
Brentford & Isleworth,61629.0,72.4,37.6,57.4,0.0,0.0,0.0,5.0,0.0,0.0,0.0,0.0,0.0,0.0,0.0,0.0
Brentwood & Ongar,52910.0,70.6,65.8,20.4,0.0,0.0,8.4,1.9,3.5,0.0,0.0,0.0,0.0,0.0,0.0,0.0
Bridgend,43255.0,69.6,39.8,50.7,0.0,0.0,0.0,3.6,1.8,0.0,0.0,4.1,0.0,0.0,0.0,0.0
Bridgwater & Somerset West,58267.0,65.3,55.1,28.6,0.0,0.0,10.9,1.8,3.6,0.0,0.0,0.0,0.0,0.0,0.0,0.0
Brigg & Goole,45057.0,68.2,60.4,33.0,0.0,0.0,0.0,3.1,3.5,0.0,0.0,0.0,0.0,0.0,0.0,0.0
Brighton Kemptown,49207.0,72.5,38.3,58.3,0.0,0.0,0.0,3.4,0.0,0.0,0.0,0.0,0.0,0.0,0.0,0.0
Brighton Pavilion,57677.0,76.4,19.2,26.8,0.0,0.0,0.0,1.7,0.0,52.3,0.0,0.0,0.0,0.0,0.0,0.0
Bristol East,50799.0,70.2,34.4,60.7,0.0,0.0,0.0,2.7,0.0,2.2,0.0,0.0,0.0,0.0,0.0,0.0
Bristol North West,54096.0,71.7,41.9,50.6,0.0,0.0,0.0,7.5,0.0,0.0,0.0,0.0,0.0,0.0,0.0,0.0
Bristol South,54382.0,65.5,30.7,60.1,0.0,0.0,3.4,0.1,3.1,2.6,0.0,0.0,0.0,0.0,0.0,0.0
Bristol West,71608.0,77.0,13.8,65.9,0.0,0.0,7.3,0.1,0.0,12.9,0.0,0.0,0.0,0.0,0.0,0.0
Broadland,55971.0,72.4,57.9,29.6,0.0,0.0,8.0,1.6,2.9,0.0,0.0,0.0,0.0,0.0,0.0,0.0
Bromley & Chislehurst,46662.0,71.7,54.0,33.4,0.0,0.0,7.2,2.4,3.0,0.0,0.0,0.0,0.0,0.0,0.0,0.0
Bromsgrove,54040.0,73.5,62.0,31.3,0.0,0.0,0.0,6.7,0.0,0.0,0.0,0.0,0.0,0.0,0.0,0.0
Broxbourne,47485.0,64.6,62.2,28.9,0.0,0.0,0.0,4.9,4.0,0.0,0.0,0.0,0.0,0.0,0.0,0.0
Broxtowe,55508.0,75.0,46.8,45.3,0.0,0.0,0.0,5.2,2.7,0.0,0.0,0.0,0.0,0.0,0.0,0.0
Buckingham,52679.0,66.2,0.0,0.0,0.0,0.0,0.0,0.0,7.9,16.3,10.7,0.0,0.0,0.0,0.0,0.0
Burnley,40290.0,62.3,31.0,46.7,0.0,0.0,15.0,1.2,6.1,0.0,0.0,0.0,0.0,0.0,0.0,0.0
Burton,49911.0,67.5,58.0,37.9,0.0,0.0,0.0,4.1,0.0,0.0,0.0,0.0,0.0,0.0,0.0,0.0
Bury North,47903.0,70.9,44.5,53.6,0.0,0.0,0.0,1.9,0.0,0.0,0.0,0.0,0.0,0.0,0.0,0.0
Bury South,50990.0,69.2,41.6,53.3,0.0,0.0,0.0,2.5,2.6,0.0,0.0,0.0,0.0,0.0,0.0,0.0
Bury St Edmunds,62160.0,70.8,59.2,29.5,0.0,0.0,0.0,7.1,0.0,4.2,0.0,0.0,0.0,0.0,0.0,0.0
Caerphilly,41297.0,64.1,25.2,54.5,0.0,0.0,0.0,2.9,3.0,0.0,0.0,14.4,0.0,0.0,0.0,0.0
"Caithness, Sutherland & Easter Ross",30901.0,65.9,22.6,12.4,29.2,0.0,35.8,0.0,0.0,0.0,0.0,0.0,0.0,0.0,0.0,0.0
Calder Valley,58054.0,73.4,46.1,45.1,0.0,0.0,0.0,6.3,2.5,0.0,0.0,0.0,0.0,0.0,0.0,0.0
Camberwell & Peckham,57412.0,67.1,12.8,77.8,0.0,0.0,0.0,6.6,0.0,2.8,0.0,0.0,0.0,0.0,0.0,0.0
Camborne & Redruth,48456.0,71.8,47.5,44.2,0.0,0.0,6.2,2.1,0.0,0.0,0.0,0.0,0.0,0.0,0.0,0.0
Cambridge,55934.0,71.7,16.3,51.9,0.0,0.0,29.3,0.2,0.0,2.3,0.0,0.0,0.0,0.0,0.0,0.0
Cambridgeshire North East,53284.0,63.1,64.5,24.5,0.0,0.0,0.0,6.9,4.1,0.0,0.0,0.0,0.0,0.0,0.0,0.0
Cambridgeshire North West,63991.0,68.6,58.6,30.5,0.0,0.0,0.0,7.0,3.9,0.0,0.0,0.0,0.0,0.0,0.0,0.0
Cambridgeshire South,64924.0,76.2,51.8,27.2,0.0,0.0,18.6,2.4,0.0,0.0,0.0,0.0,0.0,0.0,0.0,0.0
Cambridgeshire South East,63002.0,73.2,53.3,27.7,0.0,0.0,19.0,0.0,0.0,0.0,0.0,0.0,0.0,0.0,0.0,0.0
Cannock Chase,47872.0,64.2,55.0,37.5,0.0,0.0,0.0,3.3,4.2,0.0,0.0,0.0,0.0,0.0,0.0,0.0
Canterbury,56800.0,72.7,44.7,45.0,0.0,0.0,8.0,2.3,0.0,0.0,0.0,0.0,0.0,0.0,0.0,0.0
Cardiff Central,40367.0,68.1,19.8,62.4,0.0,0.0,13.4,4.4,0.0,0.0,0.0,0.0,0.0,0.0,0.0,0.0
Cardiff North,52022.0,77.4,42.1,50.1,0.0,0.0,0.0,6.7,1.1,0.0,0.0,0.0,0.0,0.0,0.0,0.0
Cardiff South & Penarth,50736.0,66.3,30.2,59.5,0.0,0.0,0.0,4.1,1.9,0.0,0.0,4.3,0.0,0.0,0.0,0.0
Cardiff West,46629.0,69.4,29.8,56.7,0.0,0.0,0.0,2.5,1.5,0.0,0.0,9.5,0.0,0.0,0.0,0.0
Carlisle,43056.0,69.1,49.9,43.8,0.0,0.0,0.0,2.9,3.4,0.0,0.0,0.0,0.0,0.0,0.0,0.0
Carmarthen East & Dinefwr,41029.0,73.3,26.3,29.8,0.0,0.0,0.0,2.2,2.4,0.0,0.0,39.3,0.0,0.0,0.0,0.0
Carmarthen West & Pembrokeshire South,42226.0,72.1,46.8,39.5,0.0,0.0,0.0,2.3,2.1,0.0,0.0,9.3,0.0,0.0,0.0,0.0
Carshalton & Wallington,50753.0,71.6,38.3,18.4,0.0,0.0,41.0,2.3,0.0,0.0,0.0,0.0,0.0,0.0,0.0,0.0
Castle Point,44710.0,64.4,67.3,25.1,0.0,0.0,0.0,2.3,5.3,0.0,0.0,0.0,0.0,0.0,0.0,0.0
Ceredigion,39767.0,75.2,18.4,20.2,0.0,0.0,29.0,1.7,1.5,0.0,0.0,29.2,0.0,0.0,0.0,0.0
Charnwood,55176.0,70.7,60.4,30.8,0.0,0.0,0.0,6.1,2.7,0.0,0.0,0.0,0.0,0.0,0.0,0.0
Chatham & Aylesford,44890.0,63.7,57.0,33.7,0.0,0.0,0.0,4.3,5.0,0.0,0.0,0.0,0.0,0.0,0.0,0.0
Cheadle,54572.0,75.0,44.6,19.1,0.0,0.0,36.3,0.0,0.0,0.0,0.0,0.0,0.0,0.0,0.0,0.0
Chelmsford,56860.0,70.2,53.7,29.8,0.0,0.0,12.2,1.4,2.9,0.0,0.0,0.0,0.0,0.0,0.0,0.0
Chelsea & Fulham,42128.0,66.1,52.6,33.2,0.0,0.0,11.0,3.2,0.0,0.0,0.0,0.0,0.0,0.0,0.0,0.0
Cheltenham,57012.0,72.3,46.7,9.5,0.0,0.0,42.2,1.6,0.0,0.0,0.0,0.0,0.0,0.0,0.0,0.0
Chesham & Amersham,55252.0,77.1,60.7,20.6,0.0,0.0,13.0,2.9,2.8,0.0,0.0,0.0,0.0,0.0,0.0,0.0
"Chester, City of",56421.0,77.4,40.5,56.8,0.0,0.0,0.0,2.7,0.0,0.0,0.0,0.0,0.0,0.0,0.0,0.0
Chesterfield,47927.0,66.5,34.8,54.8,0.0,0.0,5.5,1.5,3.4,0.0,0.0,0.0,0.0,0.0,0.0,0.0
Chichester,59918.0,70.5,60.1,22.4,0.0,0.0,11.3,3.4,2.8,0.0,0.0,0.0,0.0,0.0,0.0,0.0
Chingford & Woodford Green,46961.0,71.1,49.1,44.0,0.0,0.0,0.0,6.9,0.0,0.0,0.0,0.0,0.0,0.0,0.0,0.0
Chippenham,57140.0,74.8,54.7,19.7,0.0,0.0,25.6,0.0,0.0,0.0,0.0,0.0,0.0,0.0,0.0,0.0
Chipping Barnet,55423.0,72.0,46.3,45.7,0.0,0.0,0.0,8.0,0.0,0.0,0.0,0.0,0.0,0.0,0.0,0.0
Chorley,55634.0,72.8,41.8,55.3,0.0,0.0,0.0,2.9,0.0,0.0,0.0,0.0,0.0,0.0,0.0,0.0
Christchurch,50633.0,72.0,69.6,19.9,0.0,0.0,7.9,2.6,0.0,0.0,0.0,0.0,0.0,0.0,0.0,0.0
Cities of London & Westminster,38654.0,62.8,46.6,38.4,0.0,0.0,11.1,3.9,0.0,0.0,0.0,0.0,0.0,0.0,0.0,0.0
Clacton,44145.0,63.7,61.2,25.4,0.0,0.0,0.0,5.8,7.6,0.0,0.0,0.0,0.0,0.0,0.0,0.0
Cleethorpes,47844.0,65.5,57.1,35.4,0.0,0.0,0.0,3.3,4.2,0.0,0.0,0.0,0.0,0.0,0.0,0.0
Clwyd South,37474.0,69.0,39.1,50.7,0.0,0.0,0.0,2.0,2.1,0.0,0.0,6.1,0.0,0.0,0.0,0.0
Clwyd West,40654.0,69.8,48.1,39.6,0.0,0.0,0.0,2.7,0.0,0.0,0.0,9.6,0.0,0.0,0.0,0.0
"Coatbridge, Chryston & Bellshill",45040.0,63.3,16.3,42.6,39.1,0.0,0.0,2.0,0.0,0.0,0.0,0.0,0.0,0.0,0.0,0.0
Colchester,53545.0,66.9,45.9,35.3,0.0,0.0,17.0,1.8,0.0,0.0,0.0,0.0,0.0,0.0,0.0,0.0
Colne Valley,60420.0,71.6,46.2,47.7,0.0,0.0,0.0,6.1,0.0,0.0,0.0,0.0,0.0,0.0,0.0,0.0
Congleton,56231.0,73.3,56.6,34.2,0.0,0.0,5.2,1.7,2.3,0.0,0.0,0.0,0.0,0.0,0.0,0.0
Copeland,42927.0,69.5,49.1,45.1,0.0,0.0,0.0,3.3,2.5,0.0,0.0,0.0,0.0,0.0,0.0,0.0
Corby,59997.0,72.8,49.2,44.7,0.0,0.0,0.0,3.6,2.5,0.0,0.0,0.0,0.0,0.0,0.0,0.0
Cornwall North,50944.0,74.0,50.7,12.1,0.0,0.0,36.6,0.6,0.0,0.0,0.0,0.0,0.0,0.0,0.0,0.0
Cornwall South East,53214.0,74.0,55.4,22.6,0.0,0.0,19.4,2.6,0.0,0.0,0.0,0.0,0.0,0.0,0.0,0.0
"Cotswolds, The",59702.0,74.2,60.6,17.9,0.0,0.0,16.3,3.2,2.0,0.0,0.0,0.0,0.0,0.0,0.0,0.0
Coventry North East,46508.0,61.4,29.9,63.4,0.0,0.0,0.0,3.8,2.9,0.0,0.0,0.0,0.0,0.0,0.0,0.0
Coventry North West,49849.0,66.3,36.7,54.0,0.0,0.0,0.0,6.2,3.1,0.0,0.0,0.0,0.0,0.0,0.0,0.0
Coventry South,47009.0,66.4,38.1,55.0,0.0,0.0,0.0,4.7,2.2,0.0,0.0,0.0,0.0,0.0,0.0,0.0
Crawley,50273.0,68.5,50.6,45.7,0.0,0.0,0.0,3.7,0.0,0.0,0.0,0.0,0.0,0.0,0.0,0.0
Crewe & Nantwich,55027.0,69.7,47.0,47.1,0.0,0.0,0.0,2.5,3.4,0.0,0.0,0.0,0.0,0.0,0.0,0.0
Croydon Central,57091.0,71.3,42.4,52.3,0.0,0.0,0.0,3.5,1.8,0.0,0.0,0.0,0.0,0.0,0.0,0.0
Croydon North,59623.0,68.2,19.9,74.2,0.0,0.0,0.0,5.9,0.0,0.0,0.0,0.0,0.0,0.0,0.0,0.0
Croydon South,61257.0,73.3,54.4,35.8,0.0,0.0,0.0,8.0,1.8,0.0,0.0,0.0,0.0,0.0,0.0,0.0
"Cumbernauld, Kilsyth & Kirkintilloch East",43833.0,65.9,18.3,33.9,43.6,0.0,0.0,4.2,0.0,0.0,0.0,0.0,0.0,0.0,0.0,0.0
Cynon Valley,31802.0,62.0,19.4,61.0,0.0,0.0,0.0,1.8,4.0,0.0,0.0,13.8,0.0,0.0,0.0,0.0
Dagenham & Rainham,45843.0,64.9,39.9,50.1,0.0,0.0,0.0,2.9,7.1,0.0,0.0,0.0,0.0,0.0,0.0,0.0
Darlington,44817.0,67.6,43.3,50.6,0.0,0.0,0.0,3.5,2.6,0.0,0.0,0.0,0.0,0.0,0.0,0.0
Dartford,54224.0,69.1,57.6,33.2,0.0,0.0,0.0,4.5,4.7,0.0,0.0,0.0,0.0,0.0,0.0,0.0
Daventry,55663.0,73.9,63.7,24.7,0.0,0.0,7.2,1.7,2.7,0.0,0.0,0.0,0.0,0.0,0.0,0.0
Delyn,39418.0,72.8,41.4,52.2,0.0,0.0,0.0,6.4,0.0,0.0,0.0,0.0,0.0,0.0,0.0,0.0
Denton & Reddish,39599.0,60.2,28.0,63.5,0.0,0.0,0.0,4.0,4.5,0.0,0.0,0.0,0.0,0.0,0.0,0.0
Derby North,48672.0,69.6,44.4,48.5,0.0,0.0,4.7,0.0,2.4,0.0,0.0,0.0,0.0,0.0,0.0,0.0
Derby South,45306.0,64.8,33.5,58.3,0.0,0.0,0.0,3.8,4.4,0.0,0.0,0.0,0.0,0.0,0.0,0.0
Derbyshire Dales,49571.0,77.0,60.0,31.1,0.0,0.0,6.3,2.6,0.0,0.0,0.0,0.0,0.0,0.0,0.0,0.0
Derbyshire Mid,50371.0,74.7,58.6,35.5,0.0,0.0,0.0,5.9,0.0,0.0,0.0,0.0,0.0,0.0,0.0,0.0
Derbyshire North East,50381.0,69.9,49.2,43.5,0.0,0.0,0.0,4.2,3.1,0.0,0.0,0.0,0.0,0.0,0.0,0.0
Derbyshire South,52631.0,68.9,58.7,36.0,0.0,0.0,0.0,5.3,0.0,0.0,0.0,0.0,0.0,0.0,0.0,0.0
Devizes,50593.0,70.1,62.7,21.0,0.0,0.0,9.3,3.6,3.4,0.0,0.0,0.0,0.0,0.0,0.0,0.0
Devon Central,57844.0,77.8,54.1,27.0,0.0,0.0,0.8,13.2,2.3,2.6,0.0,0.0,0.0,0.0,0.0,0.0
Devon East,60382.0,73.3,48.5,11.4,0.0,0.0,0.0,2.9,2.0,0.0,0.0,0.0,0.0,0.0,0.0,0.0
Devon North,55705.0,73.5,45.8,12.7,0.0,0.0,38.0,1.4,2.1,0.0,0.0,0.0,0.0,0.0,0.0,0.0
Devon South West,52857.0,74.2,59.9,29.9,0.0,0.0,5.2,2.1,2.9,0.0,0.0,0.0,0.0,0.0,0.0,0.0
Devon West & Torridge,59480.0,73.9,56.5,21.7,0.0,0.0,17.7,4.1,0.0,0.0,0.0,0.0,0.0,0.0,0.0,0.0
Dewsbury,56545.0,69.5,45.1,51.0,0.0,0.0,0.0,3.9,0.0,0.0,0.0,0.0,0.0,0.0,0.0,0.0
Don Valley,45988.0,62.2,41.7,53.0,0.0,0.0,0.0,5.3,0.0,0.0,0.0,0.0,0.0,0.0,0.0,0.0
Doncaster Central,43024.0,60.0,34.4,57.9,0.0,0.0,0.0,7.7,0.0,0.0,0.0,0.0,0.0,0.0,0.0,0.0
Doncaster North,42312.0,58.5,27.6,60.8,0.0,0.0,0.0,5.1,6.5,0.0,0.0,0.0,0.0,0.0,0.0,0.0
Dorset Mid & Poole North,48254.0,74.2,59.2,13.3,0.0,0.0,27.4,0.1,0.0,0.0,0.0,0.0,0.0,0.0,0.0,0.0
Dorset North,55724.0,73.0,64.9,18.6,0.0,0.0,13.6,2.9,0.0,0.0,0.0,0.0,0.0,0.0,0.0,0.0
Dorset South,51906.0,71.8,56.1,33.6,0.0,0.0,0.0,10.3,0.0,0.0,0.0,0.0,0.0,0.0,0.0,0.0
Dorset West,59598.0,75.4,55.5,18.3,0.0,0.0,23.5,2.7,0.0,0.0,0.0,0.0,0.0,0.0,0.0,0.0
Dover,51966.0,69.7,52.4,40.0,0.0,0.0,0.0,4.3,3.3,0.0,0.0,0.0,0.0,0.0,0.0,0.0
Down North,39185.0,60.9,0.0,0.0,0.0,38.1,0.0,11.4,0.0,0.0,41.2,0.0,0.0,0.0,0.0,9.3
Down South,50893.0,67.2,0.0,0.0,0.0,17.4,0.0,3.7,0.0,0.0,0.0,0.0,35.1,39.9,3.9,0.0
Dudley North,38910.0,62.7,46.4,46.5,0.0,0.0,0.0,1.6,5.5,0.0,0.0,0.0,0.0,0.0,0.0,0.0
Dudley South,38244.0,62.4,56.5,36.2,0.0,0.0,0.0,2.6,4.7,0.0,0.0,0.0,0.0,0.0,0.0,0.0
Dulwich & West Norwood,56143.0,72.0,19.5,69.6,0.0,0.0,8.0,0.4,0.0,2.5,0.0,0.0,0.0,0.0,0.0,0.0
Dumfries & Galloway,51599.0,69.5,43.3,20.9,32.4,0.0,0.0,3.4,0.0,0.0,0.0,0.0,0.0,0.0,0.0,0.0
"Dumfriesshire, Clydesdale & Tweeddale",48964.0,72.4,49.4,16.6,30.1,0.0,0.0,3.9,0.0,0.0,0.0,0.0,0.0,0.0,0.0,0.0
Dunbartonshire East,51801.0,78.1,14.6,14.5,30.3,0.0,40.6,0.0,0.0,0.0,0.0,0.0,0.0,0.0,0.0,0.0
Dunbartonshire West,44083.0,65.2,17.2,37.7,42.9,0.0,0.0,2.2,0.0,0.0,0.0,0.0,0.0,0.0,0.0,0.0
Dundee East,42928.0,65.2,27.4,26.0,42.8,0.0,0.0,3.8,0.0,0.0,0.0,0.0,0.0,0.0,0.0,0.0
Dundee West,38677.0,61.7,16.2,33.0,46.7,0.0,0.0,4.1,0.0,0.0,0.0,0.0,0.0,0.0,0.0,0.0
Dunfermline & Fife West,51010.0,67.4,24.7,33.9,35.5,0.0,0.0,5.9,0.0,0.0,0.0,0.0,0.0,0.0,0.0,0.0
Durham North,43284.0,64.6,30.0,59.9,0.0,0.0,0.0,4.5,5.6,0.0,0.0,0.0,0.0,0.0,0.0,0.0
Durham North West,47902.0,66.5,34.5,52.8,0.0,0.0,7.1,1.1,4.5,0.0,0.0,0.0,0.0,0.0,0.0,0.0
"Durham, City of",48324.0,67.9,29.8,55.4,0.0,0.0,9.9,2.6,2.3,0.0,0.0,0.0,0.0,0.0,0.0,0.0
Dwyfor Meirionnydd,30348.0,67.9,29.1,20.7,0.0,0.0,0.0,3.1,2.0,0.0,0.0,45.1,0.0,0.0,0.0,0.0
Ealing Central & Acton,55342.0,74.6,34.8,59.7,0.0,0.0,0.0,5.5,0.0,0.0,0.0,0.0,0.0,0.0,0.0,0.0
Ealing North,52516.0,70.2,28.4,66.0,0.0,0.0,0.0,3.8,1.8,0.0,0.0,0.0,0.0,0.0,0.0,0.0
Ealing Southall,45145.0,69.3,21.3,70.3,0.0,0.0,0.0,8.4,0.0,0.0,0.0,0.0,0.0,0.0,0.0,0.0
Easington,36364.0,58.3,22.7,63.7,0.0,0.0,0.0,8.8,4.8,0.0,0.0,0.0,0.0,0.0,0.0,0.0
East Ham,56633.0,67.6,12.8,83.2,0.0,0.0,0.0,4.0,0.0,0.0,0.0,0.0,0.0,0.0,0.0,0.0
"East Kilbride, Strathaven & Lesmahagow",54102.0,67.3,25.3,31.7,38.9,0.0,0.0,4.1,0.0,0.0,0.0,0.0,0.0,0.0,0.0,0.0
East Lothian,55878.0,70.6,29.6,36.1,30.6,0.0,0.0,3.7,0.0,0.0,0.0,0.0,0.0,0.0,0.0,0.0
Eastbourne,57420.0,72.9,44.1,8.1,0.0,0.0,46.9,0.9,0.0,0.0,0.0,0.0,0.0,0.0,0.0,0.0
Eastleigh,57280.0,70.5,50.4,20.0,0.0,0.0,25.7,1.3,2.6,0.0,0.0,0.0,0.0,0.0,0.0,0.0
Eddisbury,51319.0,73.0,56.9,33.6,0.0,0.0,5.5,1.8,2.2,0.0,0.0,0.0,0.0,0.0,0.0,0.0
Edinburgh East,43523.0,66.0,18.6,34.7,42.5,0.0,0.0,4.2,0.0,0.0,0.0,0.0,0.0,0.0,0.0,0.0
Edinburgh North & Leith,56552.0,71.2,27.2,31.1,34.0,0.0,0.0,7.7,0.0,0.0,0.0,0.0,0.0,0.0,0.0,0.0
Edinburgh South,47840.0,74.1,19.7,54.9,22.5,0.0,0.0,2.9,0.0,0.0,0.0,0.0,0.0,0.0,0.0,0.0
Edinburgh South West,49390.0,69.4,33.4,26.8,35.6,0.0,0.0,4.2,0.0,0.0,0.0,0.0,0.0,0.0,0.0,0.0
Edinburgh West,52795.0,73.8,21.9,14.9,28.6,0.0,34.3,0.3,0.0,0.0,0.0,0.0,0.0,0.0,0.0,0.0
Edmonton,43678.0,66.5,23.1,71.5,0.0,0.0,0.0,3.4,2.0,0.0,0.0,0.0,0.0,0.0,0.0,0.0
Ellesmere Port & Neston,50939.0,74.2,36.8,59.2,0.0,0.0,0.0,2.4,1.6,0.0,0.0,0.0,0.0,0.0,0.0,0.0
Elmet & Rothwell,59542.0,74.2,54.3,37.9,0.0,0.0,0.0,7.8,0.0,0.0,0.0,0.0,0.0,0.0,0.0,0.0
Eltham,46155.0,71.6,40.8,54.4,0.0,0.0,0.0,4.8,0.0,0.0,0.0,0.0,0.0,0.0,0.0,0.0
Enfield North,48565.0,70.9,36.9,58.0,0.0,0.0,0.0,3.3,1.8,0.0,0.0,0.0,0.0,0.0,0.0,0.0
Enfield Southgate,48328.0,74.2,42.7,51.7,0.0,0.0,0.0,5.6,0.0,0.0,0.0,0.0,0.0,0.0,0.0,0.0
Epping Forest,50779.0,67.9,62.0,26.0,0.0,0.0,0.0,8.3,3.7,0.0,0.0,0.0,0.0,0.0,0.0,0.0
Epsom & Ewell,59266.0,74.1,59.6,25.0,0.0,0.0,12.5,2.9,0.0,0.0,0.0,0.0,0.0,0.0,0.0,0.0
Erewash,49781.0,68.2,52.1,43.0,0.0,0.0,0.0,4.9,0.0,0.0,0.0,0.0,0.0,0.0,0.0,0.0
Erith & Thamesmead,44464.0,63.8,35.0,57.5,0.0,0.0,0.0,3.6,3.9,0.0,0.0,0.0,0.0,0.0,0.0,0.0
Esher & Walton,59842.0,73.9,58.6,19.7,0.0,0.0,17.3,2.7,1.7,0.0,0.0,0.0,0.0,0.0,0.0,0.0
Exeter,55423.0,71.7,32.9,62.0,0.0,0.0,0.0,5.1,0.0,0.0,0.0,0.0,0.0,0.0,0.0,0.0
Falkirk,53809.0,65.4,26.2,29.8,38.9,0.0,0.0,5.1,0.0,0.0,0.0,0.0,0.0,0.0,0.0,0.0
Fareham,57014.0,71.7,63.0,25.2,0.0,0.0,6.8,2.3,2.7,0.0,0.0,0.0,0.0,0.0,0.0,0.0
Faversham & Kent Mid,49749.0,65.5,61.1,26.1,0.0,0.0,0.0,9.4,3.4,0.0,0.0,0.0,0.0,0.0,0.0,0.0
Feltham & Heston,53027.0,64.9,31.8,61.2,0.0,0.0,0.0,4.1,2.9,0.0,0.0,0.0,0.0,0.0,0.0,0.0
Fermanagh & South Tyrone,53481.0,75.8,0.0,0.0,0.0,0.0,0.0,7.3,0.0,0.0,0.0,0.0,0.0,47.2,45.5,0.0
Fife North East,41822.0,71.3,24.1,9.6,32.9,0.0,32.9,0.5,0.0,0.0,0.0,0.0,0.0,0.0,0.0,0.0
Filton & Bradley Stoke,50694.0,69.9,50.0,41.7,0.0,0.0,6.0,2.3,0.0,0.0,0.0,0.0,0.0,0.0,0.0,0.0
Finchley & Golders Green,52385.0,71.6,47.0,43.8,0.0,0.0,0.0,9.2,0.0,0.0,0.0,0.0,0.0,0.0,0.0,0.0
Folkestone & Hythe,58875.0,70.0,54.7,28.5,0.0,0.0,7.2,5.2,4.4,0.0,0.0,0.0,0.0,0.0,0.0,0.0
Forest of Dean,51767.0,73.0,54.3,35.9,0.0,0.0,0.0,7.4,2.4,0.0,0.0,0.0,0.0,0.0,0.0,0.0
Foyle,45965.0,65.4,0.0,0.0,0.0,16.1,0.0,4.8,0.0,0.0,0.0,0.0,39.4,39.7,0.0,0.0
Fylde,46467.0,70.5,58.8,33.4,0.0,0.0,0.0,7.8,0.0,0.0,0.0,0.0,0.0,0.0,0.0,0.0
Gainsborough,51425.0,67.8,61.8,28.7,0.0,0.0,7.1,2.4,0.0,0.0,0.0,0.0,0.0,0.0,0.0,0.0
Garston & Halewood,53522.0,71.1,17.7,77.7,0.0,0.0,0.0,4.6,0.0,0.0,0.0,0.0,0.0,0.0,0.0,0.0
Gateshead,42103.0,64.6,23.9,65.1,0.0,0.0,0.0,5.6,5.4,0.0,0.0,0.0,0.0,0.0,0.0,0.0
Gedling,51682.0,72.6,42.8,51.9,0.0,0.0,0.0,3.1,2.2,0.0,0.0,0.0,0.0,0.0,0.0,0.0
Gillingham & Rainham,48868.0,67.0,55.4,36.1,0.0,0.0,0.0,4.2,4.3,0.0,0.0,0.0,0.0,0.0,0.0,0.0
Glasgow Central,35984.0,55.9,13.9,38.4,44.7,0.0,0.0,3.0,0.0,0.0,0.0,0.0,0.0,0.0,0.0,0.0
Glasgow East,36175.0,54.6,18.8,38.6,38.8,0.0,0.0,3.8,0.0,0.0,0.0,0.0,0.0,0.0,0.0,0.0
Glasgow North,33473.0,62.1,14.7,34.5,37.6,0.0,0.0,3.5,0.0,9.7,0.0,0.0,0.0,0.0,0.0,0.0
Glasgow North East,31775.0,53.0,12.9,42.9,42.2,0.0,0.0,2.0,0.0,0.0,0.0,0.0,0.0,0.0,0.0,0.0
Glasgow North West,38844.0,60.9,18.0,35.9,42.5,0.0,0.0,3.6,0.0,0.0,0.0,0.0,0.0,0.0,0.0,0.0
Glasgow South,44550.0,64.4,19.1,36.5,41.1,0.0,0.0,3.3,0.0,0.0,0.0,0.0,0.0,0.0,0.0,0.0
Glasgow South West,35378.0,56.2,15.6,40.5,40.7,0.0,0.0,3.2,0.0,0.0,0.0,0.0,0.0,0.0,0.0,0.0
Glenrothes,40399.0,60.9,19.5,34.7,42.8,0.0,0.0,3.0,0.0,0.0,0.0,0.0,0.0,0.0,0.0,0.0
Gloucester,54071.0,65.2,50.3,40.1,0.0,0.0,0.0,6.8,2.8,0.0,0.0,0.0,0.0,0.0,0.0,0.0
Gordon,53685.0,68.4,40.7,11.8,35.9,0.0,11.6,0.0,0.0,0.0,0.0,0.0,0.0,0.0,0.0,0.0
Gosport,49481.0,67.0,61.9,27.1,0.0,0.0,0.0,7.4,3.6,0.0,0.0,0.0,0.0,0.0,0.0,0.0
Gower,45576.0,73.3,42.7,49.9,0.0,0.0,0.0,2.3,1.4,0.0,0.0,3.7,0.0,0.0,0.0,0.0
Grantham & Stamford,56593.0,69.2,62.0,26.5,0.0,0.0,0.0,8.4,3.1,0.0,0.0,0.0,0.0,0.0,0.0,0.0
Gravesham,48997.0,67.2,55.6,36.5,0.0,0.0,0.0,4.3,3.6,0.0,0.0,0.0,0.0,0.0,0.0,0.0
Great Grimsby,35521.0,57.5,42.2,49.4,0.0,0.0,0.0,3.8,4.6,0.0,0.0,0.0,0.0,0.0,0.0,0.0
Great Yarmouth,44146.0,61.8,54.1,36.1,0.0,0.0,0.0,3.5,6.3,0.0,0.0,0.0,0.0,0.0,0.0,0.0
Greenwich & Woolwich,53106.0,68.8,25.4,64.4,0.0,0.0,7.1,3.1,0.0,0.0,0.0,0.0,0.0,0.0,0.0,0.0
Guildford,55509.0,73.6,54.6,19.0,0.0,0.0,23.9,2.5,0.0,0.0,0.0,0.0,0.0,0.0,0.0,0.0
Hackney North & Stoke Newington,56298.0,67.1,12.7,75.1,0.0,0.0,0.0,7.6,0.0,4.6,0.0,0.0,0.0,0.0,0.0,0.0
Hackney South & Shoreditch,55354.0,67.5,10.9,79.4,0.0,0.0,0.0,6.9,0.0,2.8,0.0,0.0,0.0,0.0,0.0,0.0
Halesowen & Rowley Regis,44379.0,64.5,51.9,40.0,0.0,0.0,0.0,3.3,4.8,0.0,0.0,0.0,0.0,0.0,0.0,0.0
Halifax,48276.0,67.8,41.7,52.8,0.0,0.0,0.0,2.2,3.3,0.0,0.0,0.0,0.0,0.0,0.0,0.0
Haltemprice & Howden,51440.0,71.9,61.0,31.0,0.0,0.0,0.0,8.0,0.0,0.0,0.0,0.0,0.0,0.0,0.0,0.0
Halton,49518.0,67.4,21.6,72.9,0.0,0.0,0.0,2.5,3.0,0.0,0.0,0.0,0.0,0.0,0.0,0.0
Hammersmith,52252.0,71.8,28.2,63.9,0.0,0.0,0.0,7.9,0.0,0.0,0.0,0.0,0.0,0.0,0.0,0.0
Hampshire East,55408.0,74.7,63.6,17.0,0.0,0.0,15.2,4.2,0.0,0.0,0.0,0.0,0.0,0.0,0.0,0.0
Hampshire North East,57627.0,76.4,65.5,17.3,0.0,0.0,12.1,3.3,1.8,0.0,0.0,0.0,0.0,0.0,0.0,0.0
Hampshire North West,58772.0,72.2,62.1,23.5,0.0,0.0,9.7,2.2,2.5,0.0,0.0,0.0,0.0,0.0,0.0,0.0
Hampstead & Kilburn,58407.0,70.4,32.4,59.0,0.0,0.0,0.0,8.6,0.0,0.0,0.0,0.0,0.0,0.0,0.0,0.0
Harborough,57598.0,73.2,52.3,30.7,0.0,0.0,12.7,1.9,2.4,0.0,0.0,0.0,0.0,0.0,0.0,0.0
Harlow,44846.0,66.2,54.0,38.4,0.0,0.0,0.0,3.6,4.0,0.0,0.0,0.0,0.0,0.0,0.0,0.0
Harrogate & Knaresborough,56740.0,73.4,55.5,20.1,0.0,0.0,23.5,0.9,0.0,0.0,0.0,0.0,0.0,0.0,0.0,0.0
Harrow East,50845.0,70.9,49.4,46.0,0.0,0.0,0.0,4.6,0.0,0.0,0.0,0.0,0.0,0.0,0.0,0.0
Harrow West,50355.0,72.1,34.4,60.9,0.0,0.0,0.0,4.7,0.0,0.0,0.0,0.0,0.0,0.0,0.0,0.0
Hartlepool,41835.0,59.2,34.2,52.5,0.0,0.0,0.0,1.8,11.5,0.0,0.0,0.0,0.0,0.0,0.0,0.0
Harwich & Essex North,51141.0,71.7,58.5,30.4,0.0,0.0,5.5,2.3,3.3,0.0,0.0,0.0,0.0,0.0,0.0,0.0
Hastings & Rye,54766.0,69.9,46.9,46.2,0.0,0.0,0.0,4.2,2.7,0.0,0.0,0.0,0.0,0.0,0.0,0.0
Havant,46314.0,63.9,59.8,25.3,0.0,0.0,0.0,10.6,4.3,0.0,0.0,0.0,0.0,0.0,0.0,0.0
Hayes & Harlington,47802.0,65.2,28.6,66.5,0.0,0.0,0.0,2.5,2.4,0.0,0.0,0.0,0.0,0.0,0.0,0.0
Hazel Grove,44132.0,70.4,45.4,20.5,0.0,0.0,32.9,1.2,0.0,0.0,0.0,0.0,0.0,0.0,0.0,0.0
Hemel Hempstead,52282.0,69.7,55.0,36.9,0.0,0.0,0.0,8.1,0.0,0.0,0.0,0.0,0.0,0.0,0.0,0.0
Hemsworth,45944.0,63.9,33.9,56.0,0.0,0.0,0.0,4.5,5.6,0.0,0.0,0.0,0.0,0.0,0.0,0.0
Hendon,52215.0,68.4,48.0,46.0,0.0,0.0,0.0,6.0,0.0,0.0,0.0,0.0,0.0,0.0,0.0,0.0
Henley,57099.0,76.1,59.1,20.1,0.0,0.0,14.9,3.9,2.0,0.0,0.0,0.0,0.0,0.0,0.0,0.0
Hereford & Herefordshire South,50484.0,71.0,53.5,23.8,0.0,0.0,7.0,0.0,2.3,2.4,11.0,0.0,0.0,0.0,0.0,0.0
Herefordshire North,50177.0,74.1,62.0,18.9,0.0,0.0,11.7,7.4,0.0,0.0,0.0,0.0,0.0,0.0,0.0,0.0
Hertford & Stortford,59992.0,72.8,60.3,28.6,0.0,0.0,8.1,3.0,0.0,0.0,0.0,0.0,0.0,0.0,0.0,0.0
Hertfordshire North East,55580.0,73.2,58.6,28.3,0.0,0.0,7.7,5.4,0.0,0.0,0.0,0.0,0.0,0.0,0.0,0.0
Hertfordshire South West,60653.0,75.5,57.9,25.7,0.0,0.0,11.7,2.6,2.1,0.0,0.0,0.0,0.0,0.0,0.0,0.0
Hertsmere,52253.0,71.0,61.1,28.7,0.0,0.0,0.0,7.2,3.0,0.0,0.0,0.0,0.0,0.0,0.0,0.0
Hexham,46224.0,75.8,54.1,34.1,0.0,0.0,7.1,2.7,2.0,0.0,0.0,0.0,0.0,0.0,0.0,0.0
Heywood & Middleton,49865.0,62.4,38.0,53.3,0.0,0.0,0.0,2.2,6.5,0.0,0.0,0.0,0.0,0.0,0.0,0.0
High Peak,53853.0,73.5,45.4,49.7,0.0,0.0,0.0,4.9,0.0,0.0,0.0,0.0,0.0,0.0,0.0,0.0
Hitchin & Harpenden,58783.0,77.4,53.1,32.6,0.0,0.0,10.6,3.7,0.0,0.0,0.0,0.0,0.0,0.0,0.0,0.0
Holborn & St Pancras,58997.0,67.0,18.4,70.1,0.0,0.0,0.0,8.1,0.0,3.4,0.0,0.0,0.0,0.0,0.0,0.0
Hornchurch & Upminster,56107.0,69.4,60.1,28.6,0.0,0.0,0.0,5.1,6.2,0.0,0.0,0.0,0.0,0.0,0.0,0.0
Hornsey & Wood Green,62293.0,77.9,14.8,65.4,0.0,0.0,16.1,3.7,0.0,0.0,0.0,0.0,0.0,0.0,0.0,0.0
Horsham,61987.0,74.9,59.5,21.6,0.0,0.0,12.3,4.1,2.5,0.0,0.0,0.0,0.0,0.0,0.0,0.0
Houghton & Sunderland South,41480.0,60.9,29.7,59.5,0.0,0.0,0.0,5.1,5.7,0.0,0.0,0.0,0.0,0.0,0.0,0.0
Hove,57596.0,77.6,31.6,64.1,0.0,0.0,0.0,4.3,0.0,0.0,0.0,0.0,0.0,0.0,0.0,0.0
Huddersfield,43834.0,65.4,33.0,60.4,0.0,0.0,0.0,6.6,0.0,0.0,0.0,0.0,0.0,0.0,0.0,0.0
Hull East,36638.0,55.5,29.9,58.3,0.0,0.0,0.0,4.8,7.0,0.0,0.0,0.0,0.0,0.0,0.0,0.0
Hull North,37102.0,57.4,25.2,63.7,0.0,0.0,5.0,1.8,4.3,0.0,0.0,0.0,0.0,0.0,0.0,0.0
Hull West & Hessle,34565.0,57.4,29.9,53.1,0.0,0.0,6.4,6.6,4.0,0.0,0.0,0.0,0.0,0.0,0.0,0.0
Huntingdon,59720.0,70.8,55.1,30.9,0.0,0.0,8.5,1.9,3.6,0.0,0.0,0.0,0.0,0.0,0.0,0.0
Hyndburn,45202.0,61.8,40.5,53.4,0.0,0.0,0.0,1.8,4.3,0.0,0.0,0.0,0.0,0.0,0.0,0.0
Ilford North,52941.0,72.5,39.6,57.8,0.0,0.0,0.0,2.6,0.0,0.0,0.0,0.0,0.0,0.0,0.0,0.0
Ilford South,57657.0,67.5,20.9,75.8,0.0,0.0,0.0,3.3,0.0,0.0,0.0,0.0,0.0,0.0,0.0,0.0
Inverclyde,39093.0,66.4,21.5,37.5,38.5,0.0,0.0,2.5,0.0,0.0,0.0,0.0,0.0,0.0,0.0,0.0
"Inverness, Nairn, Badenoch & Strathspey",52801.0,68.7,30.5,16.2,39.9,0.0,12.3,1.1,0.0,0.0,0.0,0.0,0.0,0.0,0.0,0.0
Ipswich,51137.0,68.4,45.8,47.4,0.0,0.0,0.0,4.1,2.7,0.0,0.0,0.0,0.0,0.0,0.0,0.0
Isle of Wight,74479.0,67.3,51.3,23.0,0.0,0.0,3.7,2.1,2.6,17.3,0.0,0.0,0.0,0.0,0.0,0.0
Islington North,54928.0,73.4,12.5,73.0,0.0,0.0,9.0,1.4,0.0,4.1,0.0,0.0,0.0,0.0,0.0,0.0
Islington South & Finsbury,48049.0,69.1,20.7,62.8,0.0,0.0,12.1,0.0,1.9,2.5,0.0,0.0,0.0,0.0,0.0,0.0
Islwyn,36093.0,64.2,27.2,58.8,0.0,0.0,0.0,1.9,4.5,0.0,0.0,7.6,0.0,0.0,0.0,0.0
Jarrow,43023.0,66.4,25.0,65.1,0.0,0.0,0.0,4.5,5.4,0.0,0.0,0.0,0.0,0.0,0.0,0.0
Keighley,51724.0,72.4,46.0,46.5,0.0,0.0,0.0,5.0,2.5,0.0,0.0,0.0,0.0,0.0,0.0,0.0
Kenilworth & Southam,51311.0,77.4,60.8,25.6,0.0,0.0,9.6,2.2,1.8,0.0,0.0,0.0,0.0,0.0,0.0,0.0
Kensington,38677.0,63.8,42.2,42.2,0.0,0.0,12.2,3.4,0.0,0.0,0.0,0.0,0.0,0.0,0.0,0.0
Kettering,49404.0,69.1,57.9,36.5,0.0,0.0,0.0,5.6,0.0,0.0,0.0,0.0,0.0,0.0,0.0,0.0
Kilmarnock & Loudoun,46509.0,63.4,26.7,28.9,42.3,0.0,0.0,2.1,0.0,0.0,0.0,0.0,0.0,0.0,0.0,0.0
Kingston & Surbiton,62178.0,76.2,38.1,14.8,0.0,0.0,44.7,1.3,1.1,0.0,0.0,0.0,0.0,0.0,0.0,0.0
Kingswood,48741.0,70.2,54.9,39.5,0.0,0.0,0.0,5.6,0.0,0.0,0.0,0.0,0.0,0.0,0.0,0.0
Kirkcaldy & Cowdenbeath,46193.0,63.5,23.3,36.8,36.3,0.0,0.0,3.6,0.0,0.0,0.0,0.0,0.0,0.0,0.0,0.0
Knowsley,55483.0,67.9,9.3,85.3,0.0,0.0,0.0,3.1,2.3,0.0,0.0,0.0,0.0,0.0,0.0,0.0
Lagan Valley,44926.0,62.1,0.0,0.0,0.0,59.6,0.0,5.0,0.0,0.0,0.0,0.0,7.5,0.0,16.8,11.1
Lanark & Hamilton East,50470.0,65.3,32.0,31.9,32.6,0.0,0.0,3.5,0.0,0.0,0.0,0.0,0.0,0.0,0.0,0.0
Lancashire West,54389.0,74.2,37.4,58.9,0.0,0.0,0.0,3.7,0.0,0.0,0.0,0.0,0.0,0.0,0.0,0.0
Lancaster & Fleetwood,45989.0,68.5,40.6,55.1,0.0,0.0,0.0,4.3,0.0,0.0,0.0,0.0,0.0,0.0,0.0,0.0
Leeds Central,47673.0,53.2,20.5,70.2,0.0,0.0,0.0,2.5,4.3,2.5,0.0,0.0,0.0,0.0,0.0,0.0
Leeds East,41441.0,62.8,30.6,61.4,0.0,0.0,0.0,3.8,4.2,0.0,0.0,0.0,0.0,0.0,0.0,0.0
Leeds North East,52999.0,75.6,31.0,63.1,0.0,0.0,0.0,5.9,0.0,0.0,0.0,0.0,0.0,0.0,0.0,0.0
Leeds North West,46287.0,67.9,19.6,44.1,0.0,0.0,35.0,1.3,0.0,0.0,0.0,0.0,0.0,0.0,0.0,0.0
Leeds West,42229.0,62.1,26.2,64.0,0.0,0.0,0.0,3.1,4.3,2.4,0.0,0.0,0.0,0.0,0.0,0.0
Leicester East,52424.0,67.4,24.2,67.0,0.0,0.0,0.0,8.8,0.0,0.0,0.0,0.0,0.0,0.0,0.0,0.0
Leicester South,50517.0,66.9,21.6,73.5,0.0,0.0,0.0,4.9,0.0,0.0,0.0,0.0,0.0,0.0,0.0,0.0
Leicester West,37512.0,57.9,31.4,60.8,0.0,0.0,0.0,4.0,3.8,0.0,0.0,0.0,0.0,0.0,0.0,0.0
Leicestershire North West,53541.0,71.0,58.2,33.4,0.0,0.0,0.0,8.4,0.0,0.0,0.0,0.0,0.0,0.0,0.0,0.0
Leicestershire South,56689.0,71.8,61.4,28.5,0.0,0.0,4.2,2.0,3.9,0.0,0.0,0.0,0.0,0.0,0.0,0.0
Leigh,46874.0,61.5,35.8,56.2,0.0,0.0,0.0,2.1,5.9,0.0,0.0,0.0,0.0,0.0,0.0,0.0
Lewes,54192.0,76.4,49.5,11.2,0.0,0.0,39.3,0.0,0.0,0.0,0.0,0.0,0.0,0.0,0.0,0.0
Lewisham Deptford,55112.0,70.2,13.7,77.0,0.0,0.0,0.0,6.3,0.0,3.0,0.0,0.0,0.0,0.0,0.0,0.0
Lewisham East,47201.0,69.3,23.0,68.0,0.0,0.0,0.0,7.3,1.7,0.0,0.0,0.0,0.0,0.0,0.0,0.0
Lewisham West & Penge,53196.0,73.0,23.0,66.6,0.0,0.0,6.2,0.8,1.3,2.1,0.0,0.0,0.0,0.0,0.0,0.0
Leyton & Wanstead,46173.0,70.7,20.9,69.8,0.0,0.0,0.0,6.4,0.0,2.9,0.0,0.0,0.0,0.0,0.0,0.0
Lichfield,53524.0,71.9,63.6,28.8,0.0,0.0,0.0,7.6,0.0,0.0,0.0,0.0,0.0,0.0,0.0,0.0
Lincoln,48718.0,66.6,44.7,47.9,0.0,0.0,0.0,4.8,2.6,0.0,0.0,0.0,0.0,0.0,0.0,0.0
Linlithgow & Falkirk East,56094.0,65.1,29.1,31.1,36.4,0.0,0.0,3.4,0.0,0.0,0.0,0.0,0.0,0.0,0.0,0.0
Liverpool Riverside,48020.0,62.9,9.7,84.5,0.0,0.0,0.0,2.5,0.0,3.3,0.0,0.0,0.0,0.0,0.0,0.0
Liverpool Walton,42197.0,67.3,8.6,85.7,0.0,0.0,0.0,5.7,0.0,0.0,0.0,0.0,0.0,0.0,0.0,0.0
Liverpool Wavertree,43640.0,69.9,12.0,79.5,0.0,0.0,0.0,8.5,0.0,0.0,0.0,0.0,0.0,0.0,0.0,0.0
Liverpool West Derby,45163.0,69.3,9.9,82.8,0.0,0.0,0.0,7.3,0.0,0.0,0.0,0.0,0.0,0.0,0.0,0.0
Livingston,52505.0,64.7,24.4,32.7,40.1,0.0,0.0,2.8,0.0,0.0,0.0,0.0,0.0,0.0,0.0,0.0
Llanelli,40342.0,67.9,23.7,53.5,0.0,0.0,0.0,1.3,3.3,0.0,0.0,18.2,0.0,0.0,0.0,0.0
Londonderry East,41030.0,61.2,0.0,0.0,0.0,48.1,0.0,0.8,0.0,0.0,0.0,0.0,10.8,26.5,7.6,6.2
Loughborough,54148.0,68.0,49.9,42.0,0.0,0.0,0.0,5.4,2.7,0.0,0.0,0.0,0.0,0.0,0.0,0.0
Louth & Horncastle,52771.0,66.8,63.9,26.7,0.0,0.0,0.0,4.7,4.7,0.0,0.0,0.0,0.0,0.0,0.0,0.0
Ludlow,49970.0,73.4,62.9,24.3,0.0,0.0,10.7,2.1,0.0,0.0,0.0,0.0,0.0,0.0,0.0,0.0
Luton North,46622.0,69.8,33.0,63.8,0.0,0.0,0.0,3.2,0.0,0.0,0.0,0.0,0.0,0.0,0.0,0.0
Luton South,46133.0,68.7,32.3,62.4,0.0,0.0,2.3,1.3,1.7,0.0,0.0,0.0,0.0,0.0,0.0,0.0
Macclesfield,54307.0,72.2,52.6,36.8,0.0,0.0,6.2,4.4,0.0,0.0,0.0,0.0,0.0,0.0,0.0,0.0
Maidenhead,58239.0,76.4,64.8,19.3,0.0,0.0,11.2,3.2,1.5,0.0,0.0,0.0,0.0,0.0,0.0,0.0
Maidstone & The Weald,51696.0,68.6,56.4,22.1,0.0,0.0,16.4,2.0,3.1,0.0,0.0,0.0,0.0,0.0,0.0,0.0
Makerfield,46933.0,63.2,31.3,60.2,0.0,0.0,0.0,8.5,0.0,0.0,0.0,0.0,0.0,0.0,0.0,0.0
Maldon,50202.0,75.0,68.0,21.3,0.0,0.0,0.0,6.9,3.8,0.0,0.0,0.0,0.0,0.0,0.0,0.0
Manchester Central,49720.0,55.1,14.2,77.4,0.0,0.0,0.0,3.7,3.0,1.7,0.0,0.0,0.0,0.0,0.0,0.0
Manchester Gorton,45953.0,61.0,7.3,76.3,0.0,0.0,0.0,12.0,2.1,2.3,0.0,0.0,0.0,0.0,0.0,0.0
Manchester Withington,53602.0,71.9,10.3,71.7,0.0,0.0,15.9,0.5,0.0,1.6,0.0,0.0,0.0,0.0,0.0,0.0
Mansfield,50157.0,64.5,46.6,44.5,0.0,0.0,0.0,3.6,5.3,0.0,0.0,0.0,0.0,0.0,0.0,0.0
Meon Valley,54192.0,73.0,65.7,18.3,0.0,0.0,10.9,2.5,2.6,0.0,0.0,0.0,0.0,0.0,0.0,0.0
Meriden,54643.0,67.1,62.0,26.9,0.0,0.0,0.0,7.4,3.7,0.0,0.0,0.0,0.0,0.0,0.0,0.0
Merthyr Tydfil & Rhymney,33545.0,60.5,18.1,66.8,0.0,0.0,0.0,2.5,4.4,0.0,0.0,8.2,0.0,0.0,0.0,0.0
Middlesbrough,35637.0,58.3,26.7,65.7,0.0,0.0,0.0,3.5,4.1,0.0,0.0,0.0,0.0,0.0,0.0,0.0
Middlesbrough South & Cleveland East,47620.0,65.8,49.6,47.5,0.0,0.0,0.0,2.9,0.0,0.0,0.0,0.0,0.0,0.0,0.0,0.0
Midlothian,45273.0,66.3,25.4,36.4,34.4,0.0,0.0,3.8,0.0,0.0,0.0,0.0,0.0,0.0,0.0,0.0
Milton Keynes North,63864.0,71.5,47.5,44.5,0.0,0.0,0.0,5.8,2.2,0.0,0.0,0.0,0.0,0.0,0.0,0.0
Milton Keynes South,64486.0,69.7,47.5,44.9,0.0,0.0,0.0,4.8,2.8,0.0,0.0,0.0,0.0,0.0,0.0,0.0
Mitcham & Morden,48118.0,70.0,24.2,68.7,0.0,0.0,0.0,4.9,2.2,0.0,0.0,0.0,0.0,0.0,0.0,0.0
Mole Valley,56726.0,76.1,61.9,13.9,0.0,0.0,19.3,2.5,2.4,0.0,0.0,0.0,0.0,0.0,0.0,0.0
Monmouth,49734.0,76.6,53.1,36.6,0.0,0.0,0.0,8.8,1.5,0.0,0.0,0.0,0.0,0.0,0.0,0.0
Montgomeryshire,34891.0,68.7,51.8,15.9,0.0,0.0,25.2,7.1,0.0,0.0,0.0,0.0,0.0,0.0,0.0,0.0
Moray,47605.0,67.4,47.5,10.9,38.8,0.0,0.0,2.8,0.0,0.0,0.0,0.0,0.0,0.0,0.0,0.0
Morecambe & Lunesdale,45657.0,68.3,47.7,44.6,0.0,0.0,0.0,4.8,2.9,0.0,0.0,0.0,0.0,0.0,0.0,0.0
Morley & Outwood,52357.0,68.4,50.7,46.7,0.0,0.0,0.0,2.6,0.0,0.0,0.0,0.0,0.0,0.0,0.0,0.0
Motherwell & Wishaw,41926.0,61.5,20.3,37.8,38.5,0.0,0.0,3.4,0.0,0.0,0.0,0.0,0.0,0.0,0.0,0.0
Na h-Eileanan an Iar,14818.0,69.6,16.5,33.8,40.6,0.0,0.0,1.6,0.0,0.0,7.5,0.0,0.0,0.0,0.0,0.0
Neath,38285.0,68.5,23.7,56.7,0.0,0.0,0.0,2.0,3.7,0.0,0.0,13.9,0.0,0.0,0.0,0.0
New Forest East,51366.0,70.8,62.6,19.8,0.0,0.0,15.2,2.4,0.0,0.0,0.0,0.0,0.0,0.0,0.0,0.0
New Forest West,49627.0,72.1,66.8,19.6,0.0,0.0,9.6,4.0,0.0,0.0,0.0,0.0,0.0,0.0,0.0,0.0
Newark,55042.0,72.9,62.7,29.7,0.0,0.0,0.0,5.0,2.6,0.0,0.0,0.0,0.0,0.0,0.0,0.0
Newbury,60849.0,73.4,61.5,14.1,0.0,0.0,21.4,3.0,0.0,0.0,0.0,0.0,0.0,0.0,0.0,0.0
Newcastle upon Tyne Central,37094.0,66.8,24.6,64.9,0.0,0.0,0.0,6.5,4.0,0.0,0.0,0.0,0.0,0.0,0.0,0.0
Newcastle upon Tyne East,41637.0,66.8,21.3,67.5,0.0,0.0,6.2,0.0,3.2,1.8,0.0,0.0,0.0,0.0,0.0,0.0
Newcastle upon Tyne North,48288.0,72.8,33.9,55.4,0.0,0.0,5.3,1.7,3.7,0.0,0.0,0.0,0.0,0.0,0.0,0.0
Newcastle-under-Lyme,43842.0,66.9,48.1,48.2,0.0,0.0,0.0,3.7,0.0,0.0,0.0,0.0,0.0,0.0,0.0,0.0
Newport East,36820.0,64.3,34.8,56.5,0.0,0.0,0.0,5.5,3.2,0.0,0.0,0.0,0.0,0.0,0.0,0.0
Newport West,43438.0,67.5,39.3,52.3,0.0,0.0,0.0,5.9,2.5,0.0,0.0,0.0,0.0,0.0,0.0,0.0
Newry & Armagh,53579.0,68.5,0.0,0.0,0.0,24.6,0.0,2.3,0.0,0.0,0.0,0.0,16.9,47.9,8.3,0.0
Newton Abbot,51637.0,72.0,55.5,22.2,0.0,0.0,20.5,1.8,0.0,0.0,0.0,0.0,0.0,0.0,0.0,0.0
Norfolk Mid,55668.0,69.6,59.0,30.1,0.0,0.0,0.0,7.1,3.8,0.0,0.0,0.0,0.0,0.0,0.0,0.0
Norfolk North,52188.0,75.3,41.7,9.9,0.0,0.0,48.4,0.0,0.0,0.0,0.0,0.0,0.0,0.0,0.0,0.0
Norfolk North West,48811.0,67.7,60.3,32.0,0.0,0.0,0.0,4.6,3.1,0.0,0.0,0.0,0.0,0.0,0.0,0.0
Norfolk South,61111.0,73.6,58.2,30.9,0.0,0.0,8.3,2.6,0.0,0.0,0.0,0.0,0.0,0.0,0.0,0.0
Norfolk South West,52416.0,67.3,62.8,27.8,0.0,0.0,0.0,4.5,4.9,0.0,0.0,0.0,0.0,0.0,0.0,0.0
"Normanton, Pontefract & Castleford",49191.0,60.3,30.0,59.5,0.0,0.0,0.0,4.3,6.2,0.0,0.0,0.0,0.0,0.0,0.0,0.0
Northampton North,40378.0,69.4,47.2,45.2,0.0,0.0,0.0,4.1,3.5,0.0,0.0,0.0,0.0,0.0,0.0,0.0
Northampton South,41034.0,67.3,46.9,44.0,0.0,0.0,0.0,5.1,4.0,0.0,0.0,0.0,0.0,0.0,0.0,0.0
Northamptonshire South,64998.0,75.8,62.5,27.3,0.0,0.0,0.0,8.1,2.1,0.0,0.0,0.0,0.0,0.0,0.0,0.0
Norwich North,45895.0,68.6,47.7,46.6,0.0,0.0,0.0,5.7,0.0,0.0,0.0,0.0,0.0,0.0,0.0,0.0
Norwich South,51359.0,69.2,30.6,61.0,0.0,0.0,5.5,0.0,0.0,2.9,0.0,0.0,0.0,0.0,0.0,0.0
Nottingham East,39327.0,63.7,21.6,71.5,0.0,0.0,0.0,3.0,2.1,1.8,0.0,0.0,0.0,0.0,0.0,0.0
Nottingham North,38319.0,57.3,31.1,60.2,0.0,0.0,0.0,3.1,5.6,0.0,0.0,0.0,0.0,0.0,0.0,0.0
Nottingham South,48129.0,67.6,30.9,62.4,0.0,0.0,0.0,4.4,2.3,0.0,0.0,0.0,0.0,0.0,0.0,0.0
Nuneaton,46067.0,66.6,51.6,41.3,0.0,0.0,0.0,3.6,3.5,0.0,0.0,0.0,0.0,0.0,0.0,0.0
Ochil & Perthshire South,54168.0,70.6,41.5,20.0,35.3,0.0,0.0,3.2,0.0,0.0,0.0,0.0,0.0,0.0,0.0,0.0
Ogmore,37204.0,65.7,25.1,62.4,0.0,0.0,0.0,1.7,3.3,0.0,0.0,7.5,0.0,0.0,0.0,0.0
Old Bexley & Sidcup,48042.0,72.8,61.5,29.3,0.0,0.0,0.0,5.8,3.4,0.0,0.0,0.0,0.0,0.0,0.0,0.0
Oldham East & Saddleworth,47037.0,65.1,37.1,54.5,0.0,0.0,3.6,0.0,4.8,0.0,0.0,0.0,0.0,0.0,0.0,0.0
Oldham West & Royton,45788.0,63.2,27.6,65.2,0.0,0.0,0.0,3.0,4.2,0.0,0.0,0.0,0.0,0.0,0.0,0.0
Orkney & Shetland,23277.0,68.1,8.7,11.4,29.0,0.0,48.6,2.3,0.0,0.0,0.0,0.0,0.0,0.0,0.0,0.0
Orpington,50461.0,74.3,62.9,24.4,0.0,0.0,0.0,8.7,4.0,0.0,0.0,0.0,0.0,0.0,0.0,0.0
Oxford East,53896.0,68.8,22.0,65.2,0.0,0.0,9.1,0.4,0.0,3.3,0.0,0.0,0.0,0.0,0.0,0.0
Oxford West & Abingdon,60020.0,75.7,42.4,12.6,0.0,0.0,43.8,1.2,0.0,0.0,0.0,0.0,0.0,0.0,0.0,0.0
Paisley & Renfrewshire North,46615.0,69.1,27.6,31.8,37.5,0.0,0.0,3.1,0.0,0.0,0.0,0.0,0.0,0.0,0.0,0.0
Paisley & Renfrewshire South,41712.0,68.0,19.5,34.6,40.7,0.0,0.0,5.2,0.0,0.0,0.0,0.0,0.0,0.0,0.0,0.0
Pendle,44854.0,69.0,49.0,46.2,0.0,0.0,0.0,4.8,0.0,0.0,0.0,0.0,0.0,0.0,0.0,0.0
Penistone & Stocksbridge,49787.0,69.8,43.1,45.8,0.0,0.0,0.0,4.2,6.9,0.0,0.0,0.0,0.0,0.0,0.0,0.0
Penrith & The Border,46470.0,71.3,60.4,26.2,0.0,0.0,7.8,3.1,2.5,0.0,0.0,0.0,0.0,0.0,0.0,0.0
Perth & Perthshire North,51525.0,71.8,42.3,10.4,42.3,0.0,0.0,5.0,0.0,0.0,0.0,0.0,0.0,0.0,0.0,0.0
Peterborough,47738.0,66.7,46.8,48.1,0.0,0.0,0.0,5.1,0.0,0.0,0.0,0.0,0.0,0.0,0.0,0.0
Plymouth Moor View,45417.0,65.5,51.9,40.8,0.0,0.0,0.0,3.2,4.1,0.0,0.0,0.0,0.0,0.0,0.0,0.0
Plymouth Sutton & Devonport,44621.0,58.3,39.9,53.4,0.0,0.0,0.0,2.9,2.6,1.2,0.0,0.0,0.0,0.0,0.0,0.0
Pontypridd,39894.0,65.9,26.7,55.4,0.0,0.0,4.9,0.0,2.7,0.0,0.0,10.3,0.0,0.0,0.0,0.0
Poole,49850.0,67.5,58.0,29.4,0.0,0.0,8.9,3.7,0.0,0.0,0.0,0.0,0.0,0.0,0.0,0.0
Poplar & Limehouse,58814.0,67.4,20.1,67.3,0.0,0.0,0.0,12.6,0.0,0.0,0.0,0.0,0.0,0.0,0.0,0.0
Portsmouth North,47210.0,66.1,54.8,33.7,0.0,0.0,0.0,7.4,4.1,0.0,0.0,0.0,0.0,0.0,0.0,0.0
Portsmouth South,44566.0,63.9,37.5,41.0,0.0,0.0,17.3,0.1,2.5,1.6,0.0,0.0,0.0,0.0,0.0,0.0
Preseli Pembrokeshire,42197.0,72.1,43.4,42.6,0.0,0.0,0.0,12.0,2.0,0.0,0.0,0.0,0.0,0.0,0.0,0.0
Preston,35597.0,61.6,23.8,68.0,0.0,0.0,0.0,4.4,3.8,0.0,0.0,0.0,0.0,0.0,0.0,0.0
Pudsey,53959.0,74.3,47.4,46.7,0.0,0.0,0.0,5.9,0.0,0.0,0.0,0.0,0.0,0.0,0.0,0.0
Putney,46894.0,72.1,44.1,40.8,0.0,0.0,11.6,3.5,0.0,0.0,0.0,0.0,0.0,0.0,0.0,0.0
Rayleigh & Wickford,55323.0,70.4,66.7,24.3,0.0,0.0,0.0,4.8,4.2,0.0,0.0,0.0,0.0,0.0,0.0,0.0
Reading East,55238.0,73.1,42.3,49.0,0.0,0.0,6.1,2.6,0.0,0.0,0.0,0.0,0.0,0.0,0.0,0.0
Reading West,51766.0,69.5,48.9,43.3,0.0,0.0,0.0,7.8,0.0,0.0,0.0,0.0,0.0,0.0,0.0,0.0
Redcar,42560.0,63.7,33.2,55.5,0.0,0.0,6.7,0.0,4.6,0.0,0.0,0.0,0.0,0.0,0.0,0.0
Redditch,45203.0,70.3,52.3,36.0,0.0,0.0,0.0,8.7,3.0,0.0,0.0,0.0,0.0,0.0,0.0,0.0
Reigate,53823.0,72.1,57.4,24.7,0.0,0.0,10.9,4.1,2.9,0.0,0.0,0.0,0.0,0.0,0.0,0.0
Renfrewshire East,53738.0,76.7,40.0,26.7,31.2,0.0,0.0,2.1,0.0,0.0,0.0,0.0,0.0,0.0,0.0,0.0
Rhondda,32936.0,65.2,10.1,64.0,0.0,0.0,0.0,0.9,2.7,0.0,0.0,22.3,0.0,0.0,0.0,0.0
Ribble Valley,55200.0,70.8,57.8,33.9,0.0,0.0,0.0,8.3,0.0,0.0,0.0,0.0,0.0,0.0,0.0,0.0
Richmond (Yorks),57013.0,70.5,64.0,23.4,0.0,0.0,0.0,12.6,0.0,0.0,0.0,0.0,0.0,0.0,0.0,0.0
Richmond Park,63330.0,79.1,45.1,9.1,0.0,0.0,45.1,0.7,0.0,0.0,0.0,0.0,0.0,0.0,0.0,0.0
Rochdale,50044.0,64.1,28.4,58.0,0.0,0.0,8.1,2.2,3.3,0.0,0.0,0.0,0.0,0.0,0.0,0.0
Rochester & Strood,53769.0,65.0,54.4,36.0,0.0,0.0,0.0,4.2,5.4,0.0,0.0,0.0,0.0,0.0,0.0,0.0
Rochford & Southend East,47248.0,64.3,48.7,37.0,0.0,0.0,0.0,10.5,3.8,0.0,0.0,0.0,0.0,0.0,0.0,0.0
Romford,49944.0,67.9,59.4,31.8,0.0,0.0,0.0,4.1,4.7,0.0,0.0,0.0,0.0,0.0,0.0,0.0
Romsey & Southampton North,50168.0,74.7,57.1,19.2,0.0,0.0,21.3,2.4,0.0,0.0,0.0,0.0,0.0,0.0,0.0,0.0
"Ross, Skye & Lochaber",38454.0,71.7,24.9,12.2,40.3,0.0,20.9,1.7,0.0,0.0,0.0,0.0,0.0,0.0,0.0,0.0
Rossendale & Darwen,50156.0,69.2,50.8,44.4,0.0,0.0,0.0,4.8,0.0,0.0,0.0,0.0,0.0,0.0,0.0,0.0
Rother Valley,49488.0,65.8,40.3,48.1,0.0,0.0,0.0,4.1,7.5,0.0,0.0,0.0,0.0,0.0,0.0,0.0
Rotherham,37923.0,60.0,26.4,56.4,0.0,0.0,0.0,8.5,8.7,0.0,0.0,0.0,0.0,0.0,0.0,0.0
Rugby,51336.0,71.1,54.3,38.3,0.0,0.0,0.0,7.4,0.0,0.0,0.0,0.0,0.0,0.0,0.0,0.0
"Ruislip, Northwood & Pinner",53382.0,72.7,57.2,31.1,0.0,0.0,7.1,2.4,2.2,0.0,0.0,0.0,0.0,0.0,0.0,0.0
Runnymede & Weybridge,51609.0,68.9,60.9,25.9,0.0,0.0,7.3,2.6,3.3,0.0,0.0,0.0,0.0,0.0,0.0,0.0
Rushcliffe,58311.0,78.0,51.8,38.1,0.0,0.0,0.0,7.5,2.6,0.0,0.0,0.0,0.0,0.0,0.0,0.0
Rutherglen & Hamilton West,50872.0,63.5,19.5,37.5,37.0,0.0,0.0,6.0,0.0,0.0,0.0,0.0,0.0,0.0,0.0,0.0
Rutland & Melton,57569.0,73.4,62.8,22.7,0.0,0.0,8.2,3.0,3.3,0.0,0.0,0.0,0.0,0.0,0.0,0.0
Saffron Walden,60911.0,72.8,61.8,20.8,0.0,0.0,14.0,0.0,3.4,0.0,0.0,0.0,0.0,0.0,0.0,0.0
Salford & Eccles,47619.0,61.0,25.3,65.5,0.0,0.0,0.0,4.3,4.9,0.0,0.0,0.0,0.0,0.0,0.0,0.0
Salisbury,53311.0,73.1,58.1,25.6,0.0,0.0,11.2,2.9,2.2,0.0,0.0,0.0,0.0,0.0,0.0,0.0
Scarborough & Whitby,50449.0,68.6,48.4,41.6,0.0,0.0,0.0,6.7,3.3,0.0,0.0,0.0,0.0,0.0,0.0,0.0
Scunthorpe,40202.0,65.3,43.5,52.0,0.0,0.0,0.0,1.4,3.1,0.0,0.0,0.0,0.0,0.0,0.0,0.0
Sedgefield,41591.0,65.1,38.8,53.4,0.0,0.0,0.0,3.6,4.2,0.0,0.0,0.0,0.0,0.0,0.0,0.0
Sefton Central,52079.0,75.5,33.0,63.0,0.0,0.0,0.0,4.0,0.0,0.0,0.0,0.0,0.0,0.0,0.0,0.0
Selby & Ainsty,56076.0,74.0,58.7,34.1,0.0,0.0,0.0,4.2,3.0,0.0,0.0,0.0,0.0,0.0,0.0,0.0
Sevenoaks,51218.0,72.1,63.7,20.9,0.0,0.0,8.4,3.3,3.7,0.0,0.0,0.0,0.0,0.0,0.0,0.0
Sheffield Brightside & Hillsborough,41870.0,59.5,21.6,67.3,0.0,0.0,0.0,4.8,6.3,0.0,0.0,0.0,0.0,0.0,0.0,0.0
Sheffield Central,47877.0,61.7,13.0,70.9,0.0,0.0,5.2,0.7,2.2,8.0,0.0,0.0,0.0,0.0,0.0,0.0
Sheffield Hallam,57020.0,77.6,23.8,38.4,0.0,0.0,34.6,3.2,0.0,0.0,0.0,0.0,0.0,0.0,0.0,0.0
Sheffield Heeley,44226.0,65.0,28.7,60.0,0.0,0.0,4.6,2.2,4.5,0.0,0.0,0.0,0.0,0.0,0.0,0.0
Sheffield South East,43596.0,63.2,31.5,58.5,0.0,0.0,0.0,3.5,6.5,0.0,0.0,0.0,0.0,0.0,0.0,0.0
Sherwood,53364.0,70.0,51.5,41.8,0.0,0.0,0.0,3.3,3.4,0.0,0.0,0.0,0.0,0.0,0.0,0.0
Shipley,53395.0,73.0,51.4,42.6,0.0,0.0,0.0,6.0,0.0,0.0,0.0,0.0,0.0,0.0,0.0,0.0
Shrewsbury & Atcham,58203.0,73.6,50.0,38.6,0.0,0.0,7.3,1.8,2.3,0.0,0.0,0.0,0.0,0.0,0.0,0.0
Shropshire North,55599.0,69.0,60.5,31.1,0.0,0.0,0.0,8.4,0.0,0.0,0.0,0.0,0.0,0.0,0.0,0.0
Sittingbourne & Sheppey,51389.0,62.9,60.1,30.6,0.0,0.0,0.0,9.3,0.0,0.0,0.0,0.0,0.0,0.0,0.0,0.0
Skipton & Ripon,58138.0,74.4,62.6,28.3,0.0,0.0,0.0,9.1,0.0,0.0,0.0,0.0,0.0,0.0,0.0,0.0
Sleaford & North Hykeham,65797.0,72.4,64.2,25.9,0.0,0.0,0.0,6.9,3.0,0.0,0.0,0.0,0.0,0.0,0.0,0.0
Slough,54295.0,65.2,31.6,62.9,0.0,0.0,0.0,3.2,2.3,0.0,0.0,0.0,0.0,0.0,0.0,0.0
Solihull,56748.0,73.0,58.1,21.9,0.0,0.0,15.7,2.0,2.3,0.0,0.0,0.0,0.0,0.0,0.0,0.0
Somerset North,61994.0,77.0,54.2,26.6,0.0,0.0,9.7,9.5,0.0,0.0,0.0,0.0,0.0,0.0,0.0,0.0
Somerset North East,54043.0,75.7,53.6,34.7,0.0,0.0,8.3,3.4,0.0,0.0,0.0,0.0,0.0,0.0,0.0,0.0
Somerton & Frome,63592.0,75.3,57.0,17.3,0.0,0.0,20.9,1.6,0.0,3.2,0.0,0.0,0.0,0.0,0.0,0.0
South Holland & The Deepings,50315.0,65.9,69.9,20.4,0.0,0.0,0.0,5.4,4.3,0.0,0.0,0.0,0.0,0.0,0.0,0.0
South Ribble,54834.0,72.4,52.9,39.3,0.0,0.0,0.0,5.3,2.5,0.0,0.0,0.0,0.0,0.0,0.0,0.0
South Shields,40772.0,64.3,25.9,61.5,0.0,0.0,0.0,5.2,7.4,0.0,0.0,0.0,0.0,0.0,0.0,0.0
Southampton Itchen,46783.0,65.2,46.5,46.5,0.0,0.0,0.0,4.6,2.4,0.0,0.0,0.0,0.0,0.0,0.0,0.0
Southampton Test,46903.0,66.8,34.1,58.6,0.0,0.0,0.0,7.3,0.0,0.0,0.0,0.0,0.0,0.0,0.0,0.0
Southend West,47191.0,69.7,55.2,34.0,0.0,0.0,4.5,2.8,3.5,0.0,0.0,0.0,0.0,0.0,0.0,0.0
Southport,47956.0,69.1,38.7,32.6,0.0,0.0,26.4,0.0,2.4,0.0,0.0,0.0,0.0,0.0,0.0,0.0
Spelthorne,50115.0,69.0,57.3,30.5,0.0,0.0,0.0,7.6,4.6,0.0,0.0,0.0,0.0,0.0,0.0,0.0
St Albans,56998.0,78.3,43.1,23.1,0.0,0.0,32.4,1.4,0.0,0.0,0.0,0.0,0.0,0.0,0.0,0.0
St Austell & Newquay,54212.0,69.0,49.5,29.0,0.0,0.0,21.5,0.0,0.0,0.0,0.0,0.0,0.0,0.0,0.0,0.0
St Helens North,50222.0,66.0,27.1,63.7,0.0,0.0,0.0,5.0,4.2,0.0,0.0,0.0,0.0,0.0,0.0,0.0
St Helens South & Whiston,52886.0,66.9,21.8,67.8,0.0,0.0,0.0,6.7,3.7,0.0,0.0,0.0,0.0,0.0,0.0,0.0
St Ives,51226.0,75.9,43.2,14.3,0.0,0.0,42.6,0.0,0.0,0.0,0.0,0.0,0.0,0.0,0.0,0.0
Stafford,51924.0,75.9,54.7,39.9,0.0,0.0,0.0,5.4,0.0,0.0,0.0,0.0,0.0,0.0,0.0,0.0
Staffordshire Moorlands,44655.0,67.6,58.1,33.9,0.0,0.0,0.0,8.0,0.0,0.0,0.0,0.0,0.0,0.0,0.0,0.0
Staffordshire South,51109.0,69.6,69.8,25.3,0.0,0.0,0.0,4.9,0.0,0.0,0.0,0.0,0.0,0.0,0.0,0.0
Stalybridge & Hyde,42457.0,59.5,38.1,57.2,0.0,0.0,0.0,4.7,0.0,0.0,0.0,0.0,0.0,0.0,0.0,0.0
Stevenage,49329.0,69.7,50.3,43.4,0.0,0.0,0.0,6.3,0.0,0.0,0.0,0.0,0.0,0.0,0.0,0.0
Stirling,49356.0,74.3,37.1,22.1,36.8,0.0,0.0,4.0,0.0,0.0,0.0,0.0,0.0,0.0,0.0,0.0
Stockport,41544.0,65.5,28.4,63.3,0.0,0.0,4.3,1.4,2.6,0.0,0.0,0.0,0.0,0.0,0.0,0.0
Stockton North,42731.0,64.5,36.5,56.9,0.0,0.0,0.0,2.3,4.3,0.0,0.0,0.0,0.0,0.0,0.0,0.0
Stockton South,53824.0,71.2,46.9,48.5,0.0,0.0,0.0,2.4,2.2,0.0,0.0,0.0,0.0,0.0,0.0,0.0
Stoke-on-Trent Central,33145.0,57.0,39.8,51.5,0.0,0.0,0.0,3.9,4.8,0.0,0.0,0.0,0.0,0.0,0.0,0.0
Stoke-on-Trent North,41786.0,57.7,45.3,50.9,0.0,0.0,0.0,3.8,0.0,0.0,0.0,0.0,0.0,0.0,0.0,0.0
Stoke-on-Trent South,41690.0,63.1,49.0,47.5,0.0,0.0,0.0,3.5,0.0,0.0,0.0,0.0,0.0,0.0,0.0,0.0
Stone,50032.0,73.8,63.2,28.2,0.0,0.0,0.0,5.9,2.7,0.0,0.0,0.0,0.0,0.0,0.0,0.0
Stourbridge,47135.0,67.1,54.5,38.3,0.0,0.0,0.0,3.4,3.8,0.0,0.0,0.0,0.0,0.0,0.0,0.0
Strangford,38749.0,60.2,0.0,0.0,0.0,62.0,0.0,11.9,0.0,0.0,0.0,0.0,0.0,0.0,11.4,14.7
Stratford-on-Avon,52532.0,72.3,62.2,22.3,0.0,0.0,12.1,3.4,0.0,0.0,0.0,0.0,0.0,0.0,0.0,0.0
Streatham,55795.0,71.0,21.4,68.5,0.0,0.0,6.5,0.6,0.0,3.0,0.0,0.0,0.0,0.0,0.0,0.0
Stretford & Urmston,50191.0,69.9,27.5,66.8,0.0,0.0,0.0,3.5,2.2,0.0,0.0,0.0,0.0,0.0,0.0,0.0
Stroud,63816.0,77.0,45.9,47.0,0.0,0.0,0.0,5.5,1.6,0.0,0.0,0.0,0.0,0.0,0.0,0.0
Suffolk Central & Ipswich North,56524.0,72.4,60.1,29.7,0.0,0.0,0.0,7.3,2.9,0.0,0.0,0.0,0.0,0.0,0.0,0.0
Suffolk Coastal,58074.0,73.2,58.0,30.5,0.0,0.0,7.0,4.5,0.0,0.0,0.0,0.0,0.0,0.0,0.0,0.0
Suffolk South,54235.0,71.4,60.5,27.8,0.0,0.0,5.8,3.2,2.7,0.0,0.0,0.0,0.0,0.0,0.0,0.0
Suffolk West,51746.0,67.2,61.2,28.2,0.0,0.0,0.0,6.0,4.6,0.0,0.0,0.0,0.0,0.0,0.0,0.0
Sunderland Central,45111.0,62.0,33.4,55.5,0.0,0.0,0.0,6.2,4.9,0.0,0.0,0.0,0.0,0.0,0.0,0.0
Surrey East,59203.0,72.2,59.6,19.3,0.0,0.0,10.5,6.8,3.8,0.0,0.0,0.0,0.0,0.0,0.0,0.0
Surrey Heath,57822.0,71.8,64.2,21.1,0.0,0.0,10.8,3.9,0.0,0.0,0.0,0.0,0.0,0.0,0.0,0.0
Surrey South West,60432.0,77.4,55.7,12.6,0.0,0.0,9.9,0.0,1.8,0.0,20.0,0.0,0.0,0.0,0.0,0.0
Sussex Mid,61632.0,73.6,56.9,25.0,0.0,0.0,12.8,3.3,2.0,0.0,0.0,0.0,0.0,0.0,0.0,0.0
Sutton & Cheam,51970.0,73.8,51.1,20.5,0.0,0.0,26.7,1.7,0.0,0.0,0.0,0.0,0.0,0.0,0.0,0.0
Sutton Coldfield,52858.0,69.9,61.0,31.9,0.0,0.0,0.0,7.1,0.0,0.0,0.0,0.0,0.0,0.0,0.0,0.0
Swansea East,35159.0,60.1,26.0,63.5,0.0,0.0,0.0,2.7,3.0,0.0,0.0,4.8,0.0,0.0,0.0,0.0
Swansea West,37282.0,65.5,31.3,59.8,0.0,0.0,3.4,5.5,0.0,0.0,0.0,0.0,0.0,0.0,0.0,0.0
Swindon North,54911.0,68.5,53.6,38.4,0.0,0.0,0.0,5.1,2.9,0.0,0.0,0.0,0.0,0.0,0.0,0.0
Swindon South,51271.0,70.8,48.4,43.6,0.0,0.0,0.0,5.5,2.5,0.0,0.0,0.0,0.0,0.0,0.0,0.0
Tamworth,47110.0,66.1,61.0,34.8,0.0,0.0,0.0,4.2,0.0,0.0,0.0,0.0,0.0,0.0,0.0,0.0
Tatton,49116.0,72.4,58.6,28.5,0.0,0.0,9.0,3.9,0.0,0.0,0.0,0.0,0.0,0.0,0.0,0.0
Taunton Deane,63053.0,73.8,52.9,15.4,0.0,0.0,27.7,1.7,2.3,0.0,0.0,0.0,0.0,0.0,0.0,0.0
Telford,44686.0,65.6,48.7,47.1,0.0,0.0,0.0,4.2,0.0,0.0,0.0,0.0,0.0,0.0,0.0,0.0
Tewkesbury,59084.0,72.5,60.0,21.8,0.0,0.0,13.5,2.7,2.0,0.0,0.0,0.0,0.0,0.0,0.0,0.0
Thanet North,48325.0,66.5,56.2,34.0,0.0,0.0,0.0,5.3,4.5,0.0,0.0,0.0,0.0,0.0,0.0,0.0
Thanet South,49753.0,68.8,50.8,37.9,0.0,0.0,0.0,5.3,6.0,0.0,0.0,0.0,0.0,0.0,0.0,0.0
Thirsk & Malton,55929.0,71.1,60.0,26.1,0.0,0.0,0.0,11.2,2.7,0.0,0.0,0.0,0.0,0.0,0.0,0.0
Thornbury & Yate,50690.0,74.6,55.3,12.1,0.0,0.0,31.4,1.2,0.0,0.0,0.0,0.0,0.0,0.0,0.0,0.0
Thurrock,50325.0,64.4,39.5,38.8,0.0,0.0,0.0,1.6,20.1,0.0,0.0,0.0,0.0,0.0,0.0,0.0
Tiverton & Honiton,57815.0,71.6,61.4,27.1,0.0,0.0,8.0,3.5,0.0,0.0,0.0,0.0,0.0,0.0,0.0,0.0
Tonbridge & Malling,56907.0,73.7,63.6,22.3,0.0,0.0,0.0,10.8,3.3,0.0,0.0,0.0,0.0,0.0,0.0,0.0
Tooting,58171.0,74.6,33.1,59.6,0.0,0.0,0.0,7.3,0.0,0.0,0.0,0.0,0.0,0.0,0.0,0.0
Torbay,51174.0,67.4,53.0,18.2,0.0,0.0,25.1,1.3,2.4,0.0,0.0,0.0,0.0,0.0,0.0,0.0
Torfaen,38429.0,62.1,30.9,57.6,0.0,0.0,0.0,7.6,3.9,0.0,0.0,0.0,0.0,0.0,0.0,0.0
Totnes,50270.0,72.9,53.6,26.9,0.0,0.0,12.9,0.0,2.5,4.2,0.0,0.0,0.0,0.0,0.0,0.0
Tottenham,49339.0,67.7,11.5,81.6,0.0,0.0,0.0,4.3,0.0,2.6,0.0,0.0,0.0,0.0,0.0,0.0
Truro & Falmouth,56647.0,75.8,44.4,37.7,0.0,0.0,14.9,0.0,1.6,1.5,0.0,0.0,0.0,0.0,0.0,0.0
Tunbridge Wells,54209.0,72.1,56.9,26.6,0.0,0.0,9.9,3.9,2.7,0.0,0.0,0.0,0.0,0.0,0.0,0.0
Twickenham,66290.0,79.5,38.0,9.2,0.0,0.0,52.8,0.0,0.0,0.0,0.0,0.0,0.0,0.0,0.0,0.0
Tynemouth,56858.0,73.4,36.5,57.0,0.0,0.0,0.0,4.3,2.2,0.0,0.0,0.0,0.0,0.0,0.0,0.0
Tyneside North,51892.0,65.8,27.3,64.5,0.0,0.0,0.0,4.2,4.0,0.0,0.0,0.0,0.0,0.0,0.0,0.0
Tyrone West,43486.0,67.9,0.0,0.0,0.0,26.9,0.0,4.2,0.0,0.0,0.0,0.0,13.0,50.7,5.2,0.0
Ulster Mid,46694.0,68.2,0.0,0.0,0.0,26.9,0.0,2.3,0.0,0.0,0.0,0.0,9.8,54.5,6.5,0.0
Upper Bann,51258.0,63.9,0.0,0.0,0.0,43.5,0.0,4.6,0.0,0.0,0.0,0.0,8.6,27.9,15.4,0.0
Uxbridge & Ruislip South,46694.0,66.8,50.8,40.0,0.0,0.0,0.0,5.8,3.4,0.0,0.0,0.0,0.0,0.0,0.0,0.0
Vale of Clwyd,38684.0,68.0,44.1,50.2,0.0,0.0,0.0,5.7,0.0,0.0,0.0,0.0,0.0,0.0,0.0,0.0
Vale of Glamorgan,53718.0,72.6,47.5,43.4,0.0,0.0,0.0,7.5,1.6,0.0,0.0,0.0,0.0,0.0,0.0,0.0
Vauxhall,55042.0,67.2,18.7,57.4,0.0,0.0,20.6,1.2,0.0,2.1,0.0,0.0,0.0,0.0,0.0,0.0
Wakefield,46284.0,65.8,45.0,49.7,0.0,0.0,0.0,5.3,0.0,0.0,0.0,0.0,0.0,0.0,0.0,0.0
Wallasey,48353.0,71.7,23.2,71.5,0.0,0.0,0.0,2.9,2.4,0.0,0.0,0.0,0.0,0.0,0.0,0.0
Walsall North,38118.0,56.6,49.6,42.8,0.0,0.0,0.0,1.6,6.0,0.0,0.0,0.0,0.0,0.0,0.0,0.0
Walsall South,44072.0,65.4,37.2,57.4,0.0,0.0,0.0,1.3,4.1,0.0,0.0,0.0,0.0,0.0,0.0,0.0
Walthamstow,48143.0,70.6,14.1,80.6,0.0,0.0,0.0,5.3,0.0,0.0,0.0,0.0,0.0,0.0,0.0,0.0
Wansbeck,42454.0,68.4,32.8,57.3,0.0,0.0,0.0,6.4,3.5,0.0,0.0,0.0,0.0,0.0,0.0,0.0
Wantage,63602.0,72.5,54.2,26.9,0.0,0.0,14.5,2.4,2.0,0.0,0.0,0.0,0.0,0.0,0.0,0.0
Warley,40206.0,63.1,26.2,67.2,0.0,0.0,0.0,3.2,3.4,0.0,0.0,0.0,0.0,0.0,0.0,0.0
Warrington North,48517.0,67.4,36.6,56.4,0.0,0.0,0.0,3.8,3.2,0.0,0.0,0.0,0.0,0.0,0.0,0.0
Warrington South,61995.0,72.3,44.3,48.4,0.0,0.0,0.0,7.3,0.0,0.0,0.0,0.0,0.0,0.0,0.0,0.0
Warwick & Leamington,54055.0,72.8,44.4,46.7,0.0,0.0,0.0,7.4,1.5,0.0,0.0,0.0,0.0,0.0,0.0,0.0
Warwickshire North,47178.0,65.3,56.9,38.9,0.0,0.0,0.0,4.2,0.0,0.0,0.0,0.0,0.0,0.0,0.0,0.0
Washington & Sunderland West,40574.0,60.3,28.8,60.7,0.0,0.0,0.0,3.7,6.8,0.0,0.0,0.0,0.0,0.0,0.0,0.0
Watford,58610.0,67.8,45.6,42.0,0.0,0.0,9.1,1.3,2.0,0.0,0.0,0.0,0.0,0.0,0.0,0.0
Waveney,52674.0,65.2,54.4,36.9,0.0,0.0,0.0,5.0,3.7,0.0,0.0,0.0,0.0,0.0,0.0,0.0
Wealden,60464.0,74.3,61.2,22.2,0.0,0.0,10.4,3.2,3.0,0.0,0.0,0.0,0.0,0.0,0.0,0.0
Weaver Vale,50613.0,73.3,43.7,51.5,0.0,0.0,0.0,4.8,0.0,0.0,0.0,0.0,0.0,0.0,0.0,0.0
Wellingborough,53240.0,67.2,57.4,34.0,0.0,0.0,0.0,5.2,3.4,0.0,0.0,0.0,0.0,0.0,0.0,0.0
Wells,60843.0,73.8,50.1,11.7,0.0,0.0,37.6,0.6,0.0,0.0,0.0,0.0,0.0,0.0,0.0,0.0
Welwyn Hatfield,51669.0,70.9,51.0,36.8,0.0,0.0,7.4,2.0,2.8,0.0,0.0,0.0,0.0,0.0,0.0,0.0
Wentworth & Dearne,43947.0,58.7,31.3,65.0,0.0,0.0,0.0,3.7,0.0,0.0,0.0,0.0,0.0,0.0,0.0,0.0
West Bromwich East,39098.0,61.3,38.2,58.0,0.0,0.0,0.0,3.8,0.0,0.0,0.0,0.0,0.0,0.0,0.0,0.0
West Bromwich West,36094.0,54.7,39.7,52.1,0.0,0.0,0.0,1.8,6.4,0.0,0.0,0.0,0.0,0.0,0.0,0.0
West Ham,60708.0,65.8,16.2,76.8,0.0,0.0,0.0,5.1,1.9,0.0,0.0,0.0,0.0,0.0,0.0,0.0
Westminster North,43295.0,67.8,33.3,59.9,0.0,0.0,0.0,6.8,0.0,0.0,0.0,0.0,0.0,0.0,0.0,0.0
Westmorland & Lonsdale,51687.0,77.9,44.3,9.3,0.0,0.0,45.8,0.6,0.0,0.0,0.0,0.0,0.0,0.0,0.0,0.0
Weston-Super-Mare,56415.0,68.7,53.1,32.7,0.0,0.0,9.2,1.6,3.4,0.0,0.0,0.0,0.0,0.0,0.0,0.0
Wigan,47542.0,63.1,28.5,62.2,0.0,0.0,0.0,3.5,5.8,0.0,0.0,0.0,0.0,0.0,0.0,0.0
Wiltshire North,53706.0,75.2,60.3,17.5,0.0,0.0,17.7,2.9,1.6,0.0,0.0,0.0,0.0,0.0,0.0,0.0
Wiltshire South West,54751.0,71.2,60.0,26.5,0.0,0.0,9.8,3.7,0.0,0.0,0.0,0.0,0.0,0.0,0.0,0.0
Wimbledon,51526.0,77.2,46.5,35.6,0.0,0.0,14.5,3.4,0.0,0.0,0.0,0.0,0.0,0.0,0.0,0.0
Winchester,57156.0,78.8,52.0,10.5,0.0,0.0,34.5,1.8,1.2,0.0,0.0,0.0,0.0,0.0,0.0,0.0
Windsor,53921.0,73.3,64.4,22.9,0.0,0.0,10.1,2.6,0.0,0.0,0.0,0.0,0.0,0.0,0.0,0.0
Wirral South,45195.0,78.4,38.8,57.2,0.0,0.0,0.0,4.0,0.0,0.0,0.0,0.0,0.0,0.0,0.0,0.0
Wirral West,43951.0,78.5,42.1,54.3,0.0,0.0,0.0,3.6,0.0,0.0,0.0,0.0,0.0,0.0,0.0,0.0
Witham,49241.0,71.2,64.3,26.4,0.0,0.0,0.0,9.3,0.0,0.0,0.0,0.0,0.0,0.0,0.0,0.0
Witney,60927.0,73.6,55.5,20.7,0.0,0.0,20.4,1.8,1.6,0.0,0.0,0.0,0.0,0.0,0.0,0.0
Woking,55246.0,72.5,54.1,23.9,0.0,0.0,17.6,2.3,2.1,0.0,0.0,0.0,0.0,0.0,0.0,0.0
Wokingham,59690.0,74.7,56.6,25.1,0.0,0.0,15.9,2.4,0.0,0.0,0.0,0.0,0.0,0.0,0.0,0.0
Wolverhampton North East,36508.0,60.0,40.3,52.8,0.0,0.0,0.0,2.9,4.0,0.0,0.0,0.0,0.0,0.0,0.0,0.0
Wolverhampton South East,36304.0,51.9,34.8,58.2,0.0,0.0,0.0,2.4,4.6,0.0,0.0,0.0,0.0,0.0,0.0,0.0
Wolverhampton South West,42346.0,70.6,44.2,49.4,0.0,0.0,0.0,4.0,2.4,0.0,0.0,0.0,0.0,0.0,0.0,0.0
Worcester,51423.0,70.6,48.1,43.2,0.0,0.0,0.0,6.1,2.6,0.0,0.0,0.0,0.0,0.0,0.0,0.0
Worcestershire Mid,55089.0,72.4,65.3,22.9,0.0,0.0,6.3,2.5,3.0,0.0,0.0,0.0,0.0,0.0,0.0,0.0
Worcestershire West,56471.0,75.9,61.5,23.7,0.0,0.0,9.4,2.8,2.6,0.0,0.0,0.0,0.0,0.0,0.0,0.0
Workington,41676.0,69.2,41.7,51.1,0.0,0.0,0.0,3.5,3.7,0.0,0.0,0.0,0.0,0.0,0.0,0.0
Worsley & Eccles South,45642.0,61.9,38.7,57.1,0.0,0.0,0.0,4.2,0.0,0.0,0.0,0.0,0.0,0.0,0.0,0.0
Worthing East & Shoreham,53117.0,70.3,48.9,39.3,0.0,0.0,0.0,9.1,2.7,0.0,0.0,0.0,0.0,0.0,0.0,0.0
Worthing West,54503.0,70.1,55.4,33.2,0.0,0.0,5.5,2.9,3.0,0.0,0.0,0.0,0.0,0.0,0.0,0.0
"Wrekin, The",49523.0,72.1,55.4,36.1,0.0,0.0,0.0,5.2,3.3,0.0,0.0,0.0,0.0,0.0,0.0,0.0
Wrexham,35092.0,69.6,43.7,48.9,0.0,0.0,0.0,2.4,0.0,0.0,0.0,5.0,0.0,0.0,0.0,0.0
Wycombe,53493.0,69.4,50.0,37.7,0.0,0.0,7.8,2.2,2.3,0.0,0.0,0.0,0.0,0.0,0.0,0.0
Wyre & Preston North,52646.0,72.8,58.3,35.0,0.0,0.0,0.0,6.7,0.0,0.0,0.0,0.0,0.0,0.0,0.0,0.0
Wyre Forest,51129.0,65.8,58.4,32.3,0.0,0.0,0.0,5.8,3.5,0.0,0.0,0.0,0.0,0.0,0.0,0.0
Wythenshawe & Sale East,45846.0,60.0,29.6,62.2,0.0,0.0,0.0,5.0,3.2,0.0,0.0,0.0,0.0,0.0,0.0,0.0
Yeovil,59404.0,71.6,54.5,12.5,0.0,0.0,29.7,3.3,0.0,0.0,0.0,0.0,0.0,0.0,0.0,0.0
Ynys Mon,37367.0,71.2,27.8,41.9,0.0,0.0,0.0,1.2,1.7,0.0,0.0,27.4,0.0,0.0,0.0,0.0
York Central,53088.0,68.7,30.2,65.2,0.0,0.0,4.7,0.0,0.0,0.0,0.0,0.0,0.0,0.0,0.0,0.0
York Outer,57427.0,75.7,51.1,36.7,0.0,0.0,10.3,1.9,0.0,0.0,0.0,0.0,0.0,0.0,0.0,0.0
Yorkshire East,53956.0,66.6,58.3,30.5,0.0,0.0,0.0,7.5,3.7,0.0,0.0,0.0,0.0,0.0,0.0,0.0
